{"D":[[0,11,10,0,0,7,0],[17,0,18,18,0,0,14],[20,13,0,1,0,19,0],[0,7,7,0,9,6,0],[0,0,0,2,0,3,18],[19,0,10,11,13,0,6],[0,9,5,0,7,15,0]],"k":339,"P":[2,4,5,7,3,6,1],"extra":{"r":0.9998398526077098,"rtransformed":0.19285714285714287},"type":"empirical"}