{"D":[[0,1,1,0,0,1,1],[1,0,0,0,0,1,1],[1,1,0,0,0,0,0],[1,1,1,0,1,0,1],[0,1,0,0,0,1,0],[0,1,0,1,1,0,0],[1,0,1,0,1,1,0]],"k":12,"P":[[4,7,5,3,2,1,6],[4,7,5,3,1,6,2],[4,7,5,3,1,2,6],[4,7,5,1,6,3,2],[4,7,5,1,3,6,2],[4,7,5,1,3,2,6],[4,7,3,5,2,1,6],[4,7,3,5,1,6,2],[4,7,3,5,1,2,6],[4,7,3,1,6,5,2],[4,7,3,1,5,6,2],[4,7,3,1,5,2,6],[4,7,1,6,5,3,2],[4,7,1,6,3,5,2],[4,7,1,5,6,3,2],[4,7,1,5,3,6,2],[4,7,1,5,3,2,6],[4,7,1,3,6,5,2],[4,7,1,3,5,6,2],[4,7,1,3,5,2,6],[4,1,7,6,5,3,2],[4,1,7,6,3,5,2],[4,1,7,5,6,3,2],[4,1,7,5,3,6,2],[4,1,7,5,3,2,6],[4,1,7,3,6,5,2],[4,1,7,3,5,6,2],[4,1,7,3,5,2,6]],"extra":{"r":0.99682539682539684,"rtransformed":0.027390003212407709},"type":"empirical"}