{"D":[[0,0,1,1,1,0,1],[0,0,0,0,0,1,1],[0,1,0,1,0,1,0],[1,0,0,0,1,0,0],[0,1,0,1,0,1,0],[0,0,0,0,0,0,1],[1,1,0,1,1,1,0]],"k":11,"P":[[7,1,5,3,4,2,6],[7,1,5,3,2,6,4],[7,1,5,3,2,4,6],[7,1,3,5,4,2,6],[7,1,3,5,2,6,4],[7,1,3,5,2,4,6],[7,1,3,4,5,2,6],[1,7,5,3,4,2,6],[1,7,5,3,2,6,4],[1,7,5,3,2,4,6],[1,7,3,5,4,2,6],[1,7,3,5,2,6,4],[1,7,3,5,2,4,6],[1,7,3,4,5,2,6],[1,3,7,5,4,2,6],[1,3,7,5,2,6,4],[1,3,7,5,2,4,6],[1,3,7,4,5,2,6]],"extra":{"r":0.99812925170068023,"rtransformed":0.044944216296244073},"type":"empirical"}