{"D":[[0,1,1,1,1,0,1],[1,0,1,1,0,0,1],[1,1,0,0,1,1,0],[1,0,0,0,0,0,0],[1,0,1,0,0,0,1],[1,0,0,1,1,0,0],[1,0,0,1,0,1,0]],"k":14,"P":[[5,3,2,7,6,4,1],[5,3,2,7,6,1,4],[5,2,7,3,6,4,1],[5,2,7,3,6,1,4],[5,2,3,7,6,4,1],[5,2,3,7,6,1,4],[3,6,5,2,7,4,1],[3,6,5,2,7,1,4],[3,6,5,2,1,7,4],[3,6,5,1,2,7,4],[3,6,2,5,7,4,1],[3,6,2,5,7,1,4],[3,6,2,5,1,7,4],[3,6,2,1,5,7,4],[3,6,1,5,2,7,4],[3,6,1,2,5,7,4],[3,5,2,7,6,4,1],[3,5,2,7,6,1,4],[3,2,7,6,5,4,1],[3,2,7,6,5,1,4],[3,2,7,6,4,5,1],[3,2,7,6,4,1,5],[3,2,7,6,1,5,4],[3,2,7,6,1,4,5],[3,2,6,5,7,4,1],[3,2,6,5,7,1,4],[3,2,6,5,1,7,4],[3,2,6,1,5,7,4],[3,2,5,7,6,4,1],[3,2,5,7,6,1,4],[2,7,3,6,5,4,1],[2,7,3,6,5,1,4],[2,7,3,6,4,5,1],[2,7,3,6,4,1,5],[2,7,3,6,1,5,4],[2,7,3,6,1,4,5],[2,5,7,3,6,4,1],[2,5,7,3,6,1,4],[2,5,3,7,6,4,1],[2,5,3,7,6,1,4],[2,3,7,6,5,4,1],[2,3,7,6,5,1,4],[2,3,7,6,4,5,1],[2,3,7,6,4,1,5],[2,3,7,6,1,5,4],[2,3,7,6,1,4,5],[2,3,6,5,7,4,1],[2,3,6,5,7,1,4],[2,3,6,5,1,7,4],[2,3,6,1,5,7,4],[2,3,5,7,6,4,1],[2,3,5,7,6,1,4]],"extra":{"r":0.99312169312169307,"rtransformed":0.013564980817774706},"type":"empirical"}