{"D":[[0,1,1,1,1,0,1],[0,0,1,0,0,1,0],[1,0,0,0,0,1,0],[0,0,1,0,1,0,0],[0,0,1,0,0,1,1],[0,0,1,0,0,0,1],[1,0,1,1,0,0,0]],"k":10,"P":[[1,5,2,6,7,4,3],[1,4,5,2,6,7,3],[1,4,2,5,6,7,3],[1,2,5,6,7,4,3],[1,2,4,5,6,7,3]],"extra":{"r":0.99952758881330306,"rtransformed":0.1285860406214992},"type":"empirical"}