{"D":[[0,7,0,4,11,2,20],[13,0,0,0,17,0,0],[0,0,0,0,18,15,11],[11,0,5,0,0,1,17],[3,11,4,0,0,1,0],[18,0,3,19,19,0,0],[2,14,3,6,0,0,0]],"k":281,"P":[3,6,4,1,7,2,5],"extra":{"r":0.99986725245653818,"rtransformed":0.33095238095238094},"type":"empirical"}