{"D":[[0,19,0,0,0,13,0],[12,0,10,0,0,17,0],[0,1,0,0,12,5,9],[0,0,0,0,0,8,1],[0,0,2,0,0,11,20],[6,7,17,13,17,0,10],[0,0,19,8,9,2,0]],"k":338,"P":[[1,2,6,5,7,4,3],[1,2,6,5,7,3,4],[1,2,6,3,5,7,4]],"extra":{"r":0.99952097505668935,"rtransformed":0.074455205811138014},"type":"empirical"}