{"D":[[0,0,4,16,11,6,3],[0,0,16,5,0,14,0],[19,7,0,5,14,18,4],[9,19,16,0,0,0,3],[2,0,6,0,0,15,0],[1,19,3,0,9,0,1],[13,0,17,11,0,14,0]],"k":275,"P":[7,4,2,3,1,5,6],"extra":{"r":0.9998632493933246,"rtransformed":0.31077694235588971},"type":"empirical"}