{"D":[[0,1,0,0,0,1,0],[1,0,0,0,0,0,0],[1,1,0,0,1,1,0],[0,1,0,0,1,1,1],[0,0,1,0,0,0,1],[0,1,1,1,1,0,0],[1,0,0,0,1,0,0]],"k":12,"P":[[4,7,3,1,6,5,2],[4,7,3,1,6,2,5],[4,3,7,1,6,5,2],[4,3,7,1,6,2,5],[3,4,7,1,6,5,2],[3,4,7,1,6,2,5]],"extra":{"r":0.99931972789115642,"rtransformed":0.11492785084918912},"type":"empirical"}