{"D":[[0,0,9,19,15,0,0],[0,0,20,18,13,20,0],[15,13,0,0,0,11,14],[6,2,0,0,0,7,19],[4,8,0,0,0,12,0],[0,1,3,19,17,0,0],[0,0,8,2,0,0,0]],"k":295,"P":[[2,3,6,1,5,4,7],[2,3,6,1,4,7,5],[2,3,6,1,4,5,7],[2,3,1,6,5,4,7],[2,3,1,6,4,7,5],[2,3,1,6,4,5,7]],"extra":{"r":0.99916383219954652,"rtransformed":0.11485451761102605},"type":"empirical"}