{"D":[[0,0,0,1,1,1,0],[1,0,0,0,0,1,0],[0,0,0,0,0,0,1],[0,0,1,0,0,1,1],[1,1,0,0,0,0,1],[0,1,1,0,1,0,1],[1,0,1,1,0,1,0]],"k":13,"P":[[5,7,2,1,4,6,3],[5,2,7,1,4,6,3]],"extra":{"r":0.99975434618291759,"rtransformed":0.83769633507853414},"type":"empirical"}