{"D":[[0,14,11,0,0,0,8],[4,0,0,0,8,11,7],[6,0,0,0,3,17,11],[0,0,0,0,15,0,0],[0,2,20,20,0,0,8],[0,18,3,0,0,0,0],[18,14,5,0,14,0,0]],"k":351,"P":[[7,5,4,1,3,6,2],[7,5,1,4,3,6,2],[7,5,1,3,6,4,2],[7,5,1,3,6,2,4],[7,5,1,3,4,6,2],[7,1,5,4,3,6,2],[7,1,5,3,6,4,2],[7,1,5,3,6,2,4],[7,1,5,3,4,6,2]],"extra":{"r":0.99850765306122446,"rtransformed":0.031633237822349572},"type":"empirical"}