{"D":[[0,0,0,0,0,1,0],[1,0,1,0,1,1,0],[0,0,0,1,1,0,1],[0,0,1,0,0,1,0],[0,1,0,0,0,1,1],[0,0,1,1,0,0,1],[1,1,0,1,0,0,0]],"k":14,"P":[[5,7,4,2,1,6,3],[5,7,2,4,1,6,3],[5,7,2,1,6,4,3],[5,7,2,1,6,3,4],[5,7,2,1,4,6,3],[5,2,6,3,7,4,1],[5,2,6,3,7,1,4],[5,2,1,6,3,7,4],[3,5,7,4,2,1,6],[3,5,7,2,4,1,6],[3,5,7,2,1,6,4],[3,5,7,2,1,4,6],[2,6,3,5,7,4,1],[2,6,3,5,7,1,4],[2,5,6,3,7,4,1],[2,5,6,3,7,1,4],[2,5,1,6,3,7,4],[2,3,5,7,4,1,6],[2,3,5,7,1,6,4],[2,3,5,7,1,4,6],[2,3,5,6,7,4,1],[2,3,5,6,7,1,4],[2,3,5,1,6,7,4],[2,3,1,5,6,7,4],[2,1,6,3,5,7,4],[2,1,5,6,3,7,4],[2,1,3,5,6,7,4]],"extra":{"r":0.99642857142857144,"rtransformed":0.02788068496613209},"type":"empirical"}