{"D":[[0,1,0,1,0,0,0],[0,0,0,0,0,1,1],[0,0,0,1,1,0,0],[0,0,0,0,1,0,1],[0,0,1,1,0,0,1],[0,0,1,0,1,0,1],[0,1,0,1,1,0,0]],"k":14,"P":[[1,2,6,7,5,3,4],[1,2,6,7,3,5,4],[1,2,6,7,3,4,5],[1,2,6,5,7,3,4],[1,2,6,5,3,7,4],[1,2,6,5,3,4,7],[1,2,6,3,7,5,4],[1,2,6,3,7,4,5],[1,2,6,3,5,7,4],[1,2,6,3,5,4,7],[1,2,6,3,4,7,5],[1,2,6,3,4,5,7]],"extra":{"r":0.99841269841269842,"rtransformed":0.033715736929678608},"type":"empirical"}