{"D":[[0,1,1,0,1,1,1],[1,0,1,0,0,0,0],[0,0,0,1,0,0,1],[0,0,1,0,0,1,1],[0,0,1,0,0,1,1],[1,0,0,0,0,0,0],[1,1,1,1,0,0,0]],"k":13,"P":[[4,1,5,7,6,2,3],[4,1,5,7,2,6,3],[4,1,5,7,2,3,6],[4,1,5,6,7,2,3],[1,5,7,4,6,2,3],[1,5,7,4,2,6,3],[1,5,7,4,2,3,6],[1,5,7,2,4,6,3],[1,5,7,2,4,3,6],[1,5,7,2,3,4,6],[1,5,4,7,6,2,3],[1,5,4,7,2,6,3],[1,5,4,7,2,3,6],[1,5,4,6,7,2,3],[1,4,5,7,6,2,3],[1,4,5,7,2,6,3],[1,4,5,7,2,3,6],[1,4,5,6,7,2,3]],"extra":{"r":0.9977891156462585,"rtransformed":0.046323892569443248},"type":"empirical"}