{"D":[[0,0,15,16,9,3,11],[0,0,0,0,9,3,2],[5,0,0,15,12,0,13],[11,0,2,0,0,0,3],[2,19,19,0,0,8,3],[8,9,0,0,15,0,2],[2,14,5,13,14,14,0]],"k":291,"P":[[1,3,7,6,5,4,2],[1,3,7,6,5,2,4],[1,3,7,6,4,5,2],[1,3,7,4,6,5,2]],"extra":{"r":0.999421171977563,"rtransformed":0.070968848910095167},"type":"empirical"}