{"D":[[0,18,0,4,0,0,0],[10,0,3,0,0,12,0],[0,19,0,19,10,0,7],[11,0,8,0,0,6,17],[10,0,18,0,0,15,20],[6,2,0,0,2,0,13],[0,0,1,4,7,5,0]],"k":297,"P":[5,3,4,1,2,6,7],"extra":{"r":0.999859693877551,"rtransformed":0.29285714285714287},"type":"empirical"}