{"D":[[0,13,13,0,5,0,9],[8,0,10,1,0,12,7],[20,1,0,0,1,16,0],[0,12,0,0,0,0,0],[13,0,11,0,0,0,0],[0,19,1,0,0,0,12],[20,15,0,0,0,1,0]],"k":336,"P":[[5,4,3,6,7,1,2],[5,3,6,7,4,1,2],[5,3,6,7,1,4,2],[5,3,6,4,7,1,2],[5,3,4,6,7,1,2],[4,5,3,6,7,1,2]],"extra":{"r":0.99904761904761907,"rtransformed":0.048735205384079834},"type":"empirical"}