{"D":[[0,1,1,0,0,0,1],[1,0,1,1,0,1,1],[1,0,0,0,1,1,1],[1,1,1,0,1,1,1],[0,1,1,1,0,1,0],[0,1,0,0,0,0,1],[1,0,1,0,1,1,0]],"k":13,"P":[[5,4,2,7,3,6,1],[5,4,2,7,3,1,6],[5,4,2,7,1,3,6],[5,4,2,3,7,6,1],[5,4,2,3,7,1,6],[5,4,2,3,6,7,1],[5,4,2,3,6,1,7],[5,4,2,3,1,7,6],[5,4,2,3,1,6,7],[5,4,2,1,7,3,6],[5,4,2,1,3,7,6],[5,4,2,1,3,6,7],[5,4,1,2,7,3,6],[5,4,1,2,3,7,6],[5,4,1,2,3,6,7],[5,2,4,7,3,6,1],[5,2,4,7,3,1,6],[5,2,4,7,1,3,6],[5,2,4,3,7,6,1],[5,2,4,3,7,1,6],[5,2,4,3,6,7,1],[5,2,4,3,6,1,7],[5,2,4,3,1,7,6],[5,2,4,3,1,6,7],[5,2,4,1,7,3,6],[5,2,4,1,3,7,6],[5,2,4,1,3,6,7],[4,7,5,2,3,6,1],[4,7,5,2,3,1,6],[4,7,5,2,1,3,6],[4,7,5,1,2,3,6],[4,7,1,5,2,3,6],[4,5,2,7,3,6,1],[4,5,2,7,3,1,6],[4,5,2,7,1,3,6],[4,5,2,3,7,6,1],[4,5,2,3,7,1,6],[4,5,2,3,6,7,1],[4,5,2,3,6,1,7],[4,5,2,3,1,7,6],[4,5,2,3,1,6,7],[4,5,2,1,7,3,6],[4,5,2,1,3,7,6],[4,5,2,1,3,6,7],[4,5,1,2,7,3,6],[4,5,1,2,3,7,6],[4,5,1,2,3,6,7],[4,2,7,5,3,6,1],[4,2,7,5,3,1,6],[4,2,7,5,1,3,6],[4,2,7,3,5,6,1],[4,2,7,3,5,1,6],[4,2,7,3,1,5,6],[4,2,7,1,5,3,6],[4,2,7,1,3,5,6],[4,2,3,7,5,6,1],[4,2,3,7,5,1,6],[4,2,3,7,1,5,6],[4,2,3,1,7,5,6],[4,2,1,7,5,3,6],[4,2,1,7,3,5,6],[4,2,1,3,7,5,6],[4,1,7,5,2,3,6],[4,1,5,2,7,3,6],[4,1,5,2,3,7,6],[4,1,5,2,3,6,7],[4,1,2,7,5,3,6],[4,1,2,7,3,5,6],[4,1,2,3,7,5,6],[2,4,7,5,3,6,1],[2,4,7,5,3,1,6],[2,4,7,5,1,3,6],[2,4,7,3,5,6,1],[2,4,7,3,5,1,6],[2,4,7,3,1,5,6],[2,4,7,1,5,3,6],[2,4,7,1,3,5,6],[2,4,3,7,5,6,1],[2,4,3,7,5,1,6],[2,4,3,7,1,5,6],[2,4,3,1,7,5,6],[2,4,1,7,5,3,6],[2,4,1,7,3,5,6],[2,4,1,3,7,5,6]],"extra":{"r":0.98968253968253972,"rtransformed":0.010078260832169519},"type":"empirical"}