{"D":[[0,1,0,1,1,1,1],[0,0,1,1,1,0,1],[1,1,0,0,0,0,0],[1,0,1,0,1,0,1],[1,0,0,0,0,1,0],[1,1,1,0,1,0,0],[1,1,1,1,1,1,0]],"k":12,"P":[[7,6,4,3,1,2,5],[7,6,3,1,2,4,5],[7,6,2,4,5,3,1],[7,6,2,4,3,5,1],[7,6,2,4,3,1,5],[7,6,1,2,4,5,3],[7,6,1,2,4,3,5],[7,4,6,3,1,2,5],[7,1,6,2,4,5,3],[7,1,6,2,4,3,5],[4,7,6,3,1,2,5],[1,7,6,2,4,5,3],[1,7,6,2,4,3,5]],"extra":{"r":0.99852607709750563,"rtransformed":0.0743998071116112},"type":"empirical"}