{"D":[[0,0,10,7,1,0,2],[0,0,0,20,8,4,0],[1,0,0,4,0,0,4],[15,6,9,0,0,0,0],[13,16,0,0,0,0,0],[0,16,0,0,0,0,0],[13,0,13,0,0,0,0]],"k":332,"P":[[7,6,5,2,4,1,3],[7,5,6,2,4,1,3],[6,7,5,2,4,1,3],[6,5,7,2,4,1,3],[6,5,2,7,4,1,3],[6,5,2,4,7,1,3],[5,7,6,2,4,1,3],[5,6,7,2,4,1,3],[5,6,2,7,4,1,3],[5,6,2,4,7,1,3]],"extra":{"r":0.9984315948601663,"rtransformed":0.031245068644468993},"type":"empirical"}