{"D":[[0,0,0,0,16,1,18],[0,0,0,13,0,11,0],[0,0,0,0,2,20,0],[0,8,0,0,18,10,0],[11,0,12,2,0,0,0],[14,5,8,17,0,0,0],[10,0,0,0,0,20,0]],"k":354,"P":[[7,3,2,6,4,1,5],[7,3,2,6,1,4,5],[7,2,3,6,4,1,5],[7,2,3,6,1,4,5],[3,7,2,6,4,1,5],[3,7,2,6,1,4,5],[3,2,7,6,4,1,5],[3,2,7,6,1,4,5],[2,7,3,6,4,1,5],[2,7,3,6,1,4,5],[2,3,7,6,4,1,5],[2,3,7,6,1,4,5]],"extra":{"r":0.99799319727891156,"rtransformed":0.031507681624858973},"type":"empirical"}