{"D":[[0,0,1,0,0,1,9],[0,0,19,0,0,15,0],[16,14,0,0,0,17,19],[0,0,0,0,17,0,2],[0,0,0,12,0,7,14],[14,10,2,0,20,0,5],[20,0,14,17,6,11,0]],"k":320,"P":[[2,3,7,6,4,5,1],[2,3,7,6,4,1,5],[2,3,7,6,1,4,5],[2,3,7,4,6,5,1],[2,3,7,4,6,1,5]],"extra":{"r":0.999244142101285,"rtransformed":0.075065682472163137},"type":"empirical"}