{"D":[[0,4,8,0,0,0,0],[20,0,0,0,17,2,20],[2,0,0,0,0,8,0],[0,0,0,0,8,10,13],[0,12,0,15,0,0,0],[0,12,16,18,0,0,0],[0,14,0,1,0,0,0]],"k":342,"P":[[6,2,5,4,7,1,3],[6,2,5,4,1,7,3],[6,2,5,4,1,3,7],[6,2,5,1,4,7,3],[6,2,5,1,4,3,7],[6,2,5,1,3,4,7],[6,2,1,5,4,7,3],[6,2,1,5,4,3,7],[6,2,1,5,3,4,7],[6,2,1,3,5,4,7]],"extra":{"r":0.99838435374149659,"rtransformed":0.044690603514132933},"type":"empirical"}