{"D":[[0,1,0,1,1,0,0],[1,0,1,1,1,1,1],[1,1,0,1,0,1,1],[0,1,1,0,1,1,0],[0,1,0,1,0,0,1],[1,0,0,1,1,0,0],[1,1,1,1,0,1,0]],"k":12,"P":[[7,3,2,6,1,5,4],[7,3,2,6,1,4,5],[7,2,3,6,1,5,4],[7,2,3,6,1,4,5],[3,7,2,6,1,5,4],[3,7,2,6,1,4,5],[3,2,7,6,1,5,4],[3,2,7,6,1,4,5],[2,7,3,6,1,5,4],[2,7,3,6,1,4,5],[2,3,7,6,1,5,4],[2,3,7,6,1,4,5]],"extra":{"r":0.998639455782313,"rtransformed":0.070167977886455485},"type":"empirical"}