{"D":[[0,0,0,20,15,0,0],[0,0,16,2,3,16,0],[0,10,0,8,3,0,1],[7,8,15,0,14,0,2],[9,10,15,5,0,13,16],[0,1,0,0,2,0,14],[0,0,15,19,8,5,0]],"k":310,"P":[1,5,2,6,7,4,3],"extra":{"r":0.99985355253212393,"rtransformed":0.26190476190476192},"type":"empirical"}