{"D":[[0,6,7,15,0,6,0],[0,0,0,12,0,0,19],[18,0,0,18,9,0,12],[8,3,7,0,0,0,3],[0,0,19,0,0,4,17],[19,0,0,0,10,0,13],[0,6,4,8,5,18,0]],"k":293,"P":[6,5,3,1,2,7,4],"extra":{"r":0.999854298444524,"rtransformed":0.26566416040100249},"type":"empirical"}