{"D":[[0,0,0,1,0,0,0],[0,0,1,1,0,1,1],[1,1,0,1,0,1,1],[0,0,0,0,1,1,0],[0,0,1,1,0,0,1],[1,1,1,1,1,0,1],[0,0,0,0,0,1,0]],"k":11,"P":[[6,5,3,2,7,1,4],[6,5,3,2,1,7,4],[6,5,3,2,1,4,7],[6,5,3,1,2,7,4],[6,5,3,1,2,4,7],[6,5,2,3,7,1,4],[6,5,2,3,1,7,4],[6,5,2,3,1,4,7],[6,2,5,3,7,1,4],[6,2,5,3,1,7,4],[6,2,5,3,1,4,7],[2,6,5,3,7,1,4],[2,6,5,3,1,7,4],[2,6,5,3,1,4,7]],"extra":{"r":0.99854497354497351,"rtransformed":0.059820538384845488},"type":"empirical"}