{"D":[[0,17,0,0,0,4,0],[10,0,0,1,0,20,14],[0,0,0,0,6,0,17],[0,15,0,0,0,0,2],[5,0,18,0,0,0,0],[20,3,0,0,0,0,12],[0,19,9,18,0,4,0]],"k":342,"P":[5,3,7,4,2,6,1],"extra":{"r":0.99983843537414963,"rtransformed":0.18571428571428572},"type":"empirical"}