{"D":[[0,0,3,9,0,12,0],[0,0,18,10,1,7,3],[8,6,0,0,0,0,0],[16,20,0,0,6,3,0],[0,11,0,14,0,2,13],[17,15,0,16,14,0,17],[0,17,0,0,4,3,0]],"k":293,"P":[[6,5,7,4,2,3,1],[6,5,4,7,2,3,1]],"extra":{"r":0.99972316704459563,"rtransformed":0.17501148369315569},"type":"empirical"}