{"D":[[0,10,0,11,0,0,4],[20,0,0,0,3,4,0],[0,0,0,11,10,0,0],[19,0,2,0,5,7,17],[0,11,1,11,0,18,12],[0,15,0,14,13,0,0],[19,0,0,0,3,0,0]],"k":306,"P":[[3,5,6,4,7,2,1],[3,5,6,4,2,7,1],[3,5,6,2,4,7,1]],"extra":{"r":0.99956632653061228,"rtransformed":0.16597913127881581},"type":"empirical"}