{"D":[[0,0,7,0,5,0,6],[0,0,3,0,16,19,0],[19,17,0,0,7,14,0],[0,0,0,0,0,0,2],[10,4,16,0,0,5,0],[0,9,8,0,19,0,9],[20,0,0,7,0,18,0]],"k":328,"P":[[7,4,3,2,6,5,1],[7,3,4,2,6,5,1],[7,3,2,6,5,4,1],[7,3,2,6,5,1,4],[7,3,2,6,4,5,1],[7,3,2,4,6,5,1],[3,7,4,2,6,5,1],[3,7,2,6,5,4,1],[3,7,2,6,5,1,4],[3,7,2,6,4,5,1],[3,7,2,4,6,5,1],[3,2,7,6,5,4,1],[3,2,7,6,5,1,4],[3,2,7,6,4,5,1],[3,2,7,4,6,5,1]],"extra":{"r":0.99767573696145129,"rtransformed":0.035199912546801132},"type":"empirical"}