{"D":[[0,0,1,1,1,0,0],[1,0,0,0,0,0,0],[1,0,0,0,0,1,1],[1,1,1,0,1,1,1],[0,0,1,0,0,1,0],[0,0,0,1,0,0,1],[1,1,0,0,1,0,0]],"k":11,"P":[[4,7,2,1,5,3,6],[4,5,3,6,7,2,1],[4,3,7,2,1,5,6],[4,3,6,7,2,1,5]],"extra":{"r":0.99958427815570672,"rtransformed":0.31419095828242272},"type":"empirical"}