{"D":[[0,15,18,14,0,7,0],[1,0,0,8,0,0,0],[5,0,0,10,7,0,14],[7,3,18,0,0,10,0],[0,0,1,0,0,0,18],[20,0,0,15,0,0,2],[0,0,20,0,5,14,0]],"k":330,"P":[5,7,6,1,2,4,3],"extra":{"r":0.99984410430839,"rtransformed":0.21428571428571427},"type":"empirical"}