{"D":[[0,0,10,3,0,0,0],[0,0,0,0,7,0,11],[15,0,0,5,0,19,0],[15,0,18,0,0,13,14],[0,12,0,0,0,17,0],[0,0,9,4,5,0,0],[0,2,0,6,0,0,0]],"k":316,"P":[[5,4,3,6,2,7,1],[5,4,3,6,2,1,7],[5,4,3,6,1,2,7],[5,4,3,2,7,6,1],[5,4,3,2,7,1,6],[5,4,3,2,6,7,1],[5,4,3,2,6,1,7],[5,4,3,2,1,7,6],[5,4,3,2,1,6,7],[5,4,3,1,6,2,7],[5,4,3,1,2,7,6],[5,4,3,1,2,6,7],[5,4,2,7,3,6,1],[5,4,2,7,3,1,6],[5,4,2,3,7,6,1],[5,4,2,3,7,1,6],[5,4,2,3,6,7,1],[5,4,2,3,6,1,7],[5,4,2,3,1,7,6],[5,4,2,3,1,6,7],[5,2,4,7,3,6,1],[5,2,4,7,3,1,6],[5,2,4,3,7,6,1],[5,2,4,3,7,1,6],[5,2,4,3,6,7,1],[5,2,4,3,6,1,7],[5,2,4,3,1,7,6],[5,2,4,3,1,6,7],[4,5,3,6,2,7,1],[4,5,3,6,2,1,7],[4,5,3,6,1,2,7],[4,5,3,2,7,6,1],[4,5,3,2,7,1,6],[4,5,3,2,6,7,1],[4,5,3,2,6,1,7],[4,5,3,2,1,7,6],[4,5,3,2,1,6,7],[4,5,3,1,6,2,7],[4,5,3,1,2,7,6],[4,5,3,1,2,6,7],[4,5,2,7,3,6,1],[4,5,2,7,3,1,6],[4,5,2,3,7,6,1],[4,5,2,3,7,1,6],[4,5,2,3,6,7,1],[4,5,2,3,6,1,7],[4,5,2,3,1,7,6],[4,5,2,3,1,6,7],[4,3,5,6,2,7,1],[4,3,5,6,2,1,7],[4,3,5,6,1,2,7],[4,3,5,2,7,6,1],[4,3,5,2,7,1,6],[4,3,5,2,6,7,1],[4,3,5,2,6,1,7],[4,3,5,2,1,7,6],[4,3,5,2,1,6,7],[4,3,5,1,6,2,7],[4,3,5,1,2,7,6],[4,3,5,1,2,6,7],[4,3,1,5,6,2,7],[4,3,1,5,2,7,6],[4,3,1,5,2,6,7]],"extra":{"r":0.99010025062656637,"rtransformed":0.0070281147123257073},"type":"empirical"}