{"D":[[0,0,1,1,0,0,1],[1,0,0,1,1,0,0],[1,0,0,1,1,0,1],[1,1,1,0,0,1,1],[0,0,0,1,0,0,0],[1,0,1,1,0,0,1],[1,1,0,1,1,1,0]],"k":12,"P":[[6,3,7,2,5,4,1],[6,3,7,2,5,1,4],[6,3,7,2,1,5,4]],"extra":{"r":0.99965986394557826,"rtransformed":0.19101521047046338},"type":"empirical"}