{"D":[[0,0,3,4,8,0,0],[0,0,20,0,4,0,15],[8,13,0,9,0,5,7],[11,0,1,0,10,6,0],[19,14,0,3,0,0,0],[0,0,18,17,0,0,0],[0,4,13,0,0,0,0]],"k":338,"P":[[6,5,2,7,3,4,1],[5,6,2,7,3,4,1],[5,2,7,6,3,4,1],[5,2,6,7,3,4,1]],"extra":{"r":0.99936130007558577,"rtransformed":0.0660934981192907},"type":"empirical"}