{"D":[[0,1,1,1,0,1,0],[0,0,1,0,1,1,0],[1,0,0,1,0,1,1],[0,1,1,0,0,0,0],[1,1,1,0,0,1,1],[1,1,0,0,1,0,1],[1,1,1,0,0,0,0]],"k":12,"P":[[6,5,7,1,4,2,3],[5,7,1,4,2,3,6],[5,6,7,1,4,2,3],[5,3,6,7,1,4,2]],"extra":{"r":0.999546485260771,"rtransformed":0.44274391910358},"type":"empirical"}