{"D":[[0,0,0,1,0,0,1],[0,0,0,1,1,0,0],[0,1,0,1,1,0,1],[1,1,1,0,0,0,1],[1,1,0,1,0,0,1],[1,0,0,1,0,0,0],[0,1,1,1,1,1,0]],"k":14,"P":[[7,6,3,5,4,2,1],[7,6,3,5,4,1,2],[7,6,3,5,2,4,1],[7,6,3,5,2,1,4],[7,6,3,5,1,4,2],[7,6,3,5,1,2,4],[7,6,3,2,5,4,1],[7,6,3,2,5,1,4],[7,3,6,5,4,2,1],[7,3,6,5,4,1,2],[7,3,6,5,2,4,1],[7,3,6,5,2,1,4],[7,3,6,5,1,4,2],[7,3,6,5,1,2,4],[7,3,6,2,5,4,1],[7,3,6,2,5,1,4],[7,3,5,6,4,2,1],[7,3,5,6,4,1,2],[7,3,5,6,2,4,1],[7,3,5,6,2,1,4],[7,3,5,6,1,4,2],[7,3,5,6,1,2,4],[7,3,5,2,6,4,1],[7,3,5,2,6,1,4],[7,3,2,6,5,4,1],[7,3,2,6,5,1,4],[7,3,2,5,6,4,1],[7,3,2,5,6,1,4],[6,3,5,4,1,7,2],[6,3,5,1,7,4,2],[6,3,5,1,7,2,4],[6,3,5,1,4,7,2],[3,7,6,5,4,2,1],[3,7,6,5,4,1,2],[3,7,6,5,2,4,1],[3,7,6,5,2,1,4],[3,7,6,5,1,4,2],[3,7,6,5,1,2,4],[3,7,6,2,5,4,1],[3,7,6,2,5,1,4],[3,7,5,6,4,2,1],[3,7,5,6,4,1,2],[3,7,5,6,2,4,1],[3,7,5,6,2,1,4],[3,7,5,6,1,4,2],[3,7,5,6,1,2,4],[3,7,5,2,6,4,1],[3,7,5,2,6,1,4],[3,7,2,6,5,4,1],[3,7,2,6,5,1,4],[3,7,2,5,6,4,1],[3,7,2,5,6,1,4],[3,6,5,4,1,7,2],[3,6,5,1,7,4,2],[3,6,5,1,7,2,4],[3,6,5,1,4,7,2],[3,5,7,6,4,2,1],[3,5,7,6,4,1,2],[3,5,7,6,2,4,1],[3,5,7,6,2,1,4],[3,5,7,6,1,4,2],[3,5,7,6,1,2,4],[3,5,7,2,6,4,1],[3,5,7,2,6,1,4],[3,5,6,4,1,7,2],[3,5,6,1,7,4,2],[3,5,6,1,7,2,4],[3,5,6,1,4,7,2],[3,5,1,7,6,4,2],[3,5,1,7,6,2,4],[3,5,1,7,2,6,4]],"extra":{"r":0.9906084656084656,"rtransformed":0.010718973311943832},"type":"empirical"}