{"D":[[0,0,0,0,1,0,1],[1,0,1,1,0,0,1],[0,1,0,0,0,1,0],[1,0,0,0,0,0,0],[1,1,0,0,0,1,1],[0,1,0,1,0,0,0],[0,0,0,0,1,1,0]],"k":12,"P":[[5,3,6,2,4,1,7],[3,5,6,2,4,1,7]],"extra":{"r":0.99977324263038547,"rtransformed":0.22094926350245497},"type":"empirical"}