{"D":[[0,0,0,0,1,1,1],[0,0,1,1,1,0,1],[1,1,0,0,1,0,0],[0,1,0,0,1,0,0],[0,1,1,1,0,1,0],[1,0,1,1,1,0,0],[0,1,0,1,0,0,0]],"k":15,"P":[[6,3,2,1,7,5,4],[6,3,2,1,7,4,5],[6,3,2,1,5,7,4],[6,3,1,7,5,4,2],[6,3,1,7,5,2,4],[6,3,1,7,4,5,2],[6,3,1,7,4,2,5],[6,3,1,7,2,5,4],[6,3,1,7,2,4,5],[6,3,1,5,7,4,2],[6,3,1,5,7,2,4],[6,3,1,5,2,7,4],[6,3,1,2,7,5,4],[6,3,1,2,7,4,5],[6,3,1,2,5,7,4],[6,2,3,1,7,5,4],[6,2,3,1,7,4,5],[6,2,3,1,5,7,4],[2,6,3,1,7,5,4],[2,6,3,1,7,4,5],[2,6,3,1,5,7,4]],"extra":{"r":0.99702380952380953,"rtransformed":0.024538873665698728},"type":"empirical"}