{"D":[[0,15,9,4,3,17,10],[5,0,13,12,0,17,1],[1,8,0,1,15,0,18],[18,7,16,0,0,19,0],[16,0,2,0,0,19,15],[7,7,0,10,2,0,1],[17,11,12,0,8,13,0]],"k":264,"P":[4,3,5,7,1,2,6],"extra":{"r":0.99986871941759159,"rtransformed":0.33834586466165412},"type":"empirical"}