{"D":[[0,0,0,0,0,5,0],[0,0,0,0,11,2,0],[0,0,0,0,16,6,18],[0,0,0,0,4,0,0],[0,1,2,15,0,0,6],[15,8,20,0,0,0,0],[0,11,5,0,12,0,0]],"k":325,"P":[[6,3,7,2,5,4,1],[6,3,7,2,5,1,4],[6,3,7,2,1,5,4],[6,3,7,1,2,5,4],[6,3,1,7,2,5,4],[6,1,3,7,2,5,4]],"extra":{"r":0.999078798185941,"rtransformed":0.073723420766723571},"type":"empirical"}