{"D":[[0,0,15,0,19,10,17],[13,0,11,19,1,0,18],[10,19,0,0,6,0,10],[0,2,0,0,12,0,0],[13,9,15,19,0,0,0],[2,0,0,0,0,0,18],[3,6,15,0,0,10,0]],"k":307,"P":[[5,2,4,1,6,7,3],[5,2,1,6,7,4,3],[5,2,1,6,7,3,4],[5,2,1,6,4,7,3],[5,2,1,4,6,7,3]],"extra":{"r":0.99923668297728452,"rtransformed":0.066676531250094359},"type":"empirical"}