{"D":[[0,0,1,1,0,1,1],[0,0,0,1,1,0,1],[1,0,0,1,1,1,0],[0,0,0,0,0,1,1],[1,0,1,1,0,0,1],[1,1,1,0,1,0,0],[0,1,0,0,1,0,0]],"k":12,"P":[[6,3,2,5,1,4,7],[6,2,5,3,1,4,7],[6,2,5,1,3,4,7],[6,2,3,5,1,4,7],[3,6,2,5,1,4,7]],"extra":{"r":0.99943310657596374,"rtransformed":0.12072434607645875},"type":"empirical"}