{"D":[[0,0,0,0,1,1,0],[0,0,0,1,1,1,0],[1,1,0,1,0,1,0],[1,0,1,0,1,0,1],[1,1,0,0,0,0,0],[0,1,0,0,0,0,1],[0,1,1,1,0,1,0]],"k":12,"P":[[7,3,2,4,5,1,6],[7,3,2,4,1,6,5],[7,3,2,4,1,5,6]],"extra":{"r":0.99965986394557826,"rtransformed":0.20865533230293659},"type":"empirical"}