{"D":[[0,1,0,1,0,1,0],[0,0,0,1,1,0,1],[1,0,0,1,1,0,1],[0,1,1,0,0,0,1],[1,1,1,0,0,0,1],[1,1,0,0,0,0,0],[0,0,1,1,0,1,0]],"k":15,"P":[[6,5,3,1,4,2,7],[6,5,3,1,2,7,4],[6,5,3,1,2,4,7],[6,3,5,1,4,2,7],[6,3,5,1,2,7,4],[6,3,5,1,2,4,7],[5,7,6,3,1,4,2],[5,7,6,3,1,2,4],[5,7,3,6,1,4,2],[5,7,3,6,1,2,4],[5,7,3,1,6,4,2],[5,7,3,1,6,2,4],[5,7,3,1,4,6,2],[5,6,3,1,4,2,7],[5,6,3,1,2,7,4],[5,6,3,1,2,4,7],[5,3,7,6,1,4,2],[5,3,7,6,1,2,4],[5,3,7,1,6,4,2],[5,3,7,1,6,2,4],[5,3,7,1,4,6,2],[5,3,6,1,4,2,7],[5,3,6,1,2,7,4],[5,3,6,1,2,4,7],[5,3,1,7,6,4,2],[5,3,1,7,6,2,4],[5,3,1,7,4,6,2],[5,3,1,6,4,2,7],[5,3,1,6,2,7,4],[5,3,1,6,2,4,7],[5,3,1,4,7,6,2],[5,3,1,4,6,2,7],[5,3,1,4,2,7,6],[5,3,1,2,7,6,4],[5,3,1,2,7,4,6],[5,3,1,2,4,7,6],[3,6,5,1,4,2,7],[3,6,5,1,2,7,4],[3,6,5,1,2,4,7],[3,5,7,6,1,4,2],[3,5,7,6,1,2,4],[3,5,7,1,6,4,2],[3,5,7,1,6,2,4],[3,5,7,1,4,6,2],[3,5,6,1,4,2,7],[3,5,6,1,2,7,4],[3,5,6,1,2,4,7],[3,5,1,7,6,4,2],[3,5,1,7,6,2,4],[3,5,1,7,4,6,2],[3,5,1,6,4,2,7],[3,5,1,6,2,7,4],[3,5,1,6,2,4,7],[3,5,1,4,7,6,2],[3,5,1,4,6,2,7],[3,5,1,4,2,7,6],[3,5,1,2,7,6,4],[3,5,1,2,7,4,6],[3,5,1,2,4,7,6]],"extra":{"r":0.99163832199546487,"rtransformed":0.01020880626883301},"type":"empirical"}