{"D":[[0,0,18,19,9,0,15],[0,0,0,19,3,14,0],[1,0,0,0,20,0,0],[2,4,0,0,9,16,18],[16,16,11,1,0,19,0],[0,3,0,4,14,0,2],[1,0,0,1,0,16,0]],"k":291,"P":[1,3,5,2,4,7,6],"extra":{"r":0.99986252834467115,"rtransformed":0.30714285714285716},"type":"empirical"}