{"D":[[0,1,0,1,0,1,1],[1,0,0,1,0,1,1],[1,1,0,1,0,1,1],[0,1,1,0,0,0,0],[1,1,0,1,0,0,0],[0,1,1,0,1,0,1],[1,0,1,0,1,0,0]],"k":14,"P":[[6,7,5,3,2,1,4],[6,7,5,3,1,4,2],[6,7,5,3,1,2,4],[6,7,3,5,2,1,4],[6,7,3,5,1,4,2],[6,7,3,5,1,2,4],[6,5,3,2,7,1,4],[6,5,3,2,1,7,4],[6,5,3,2,1,4,7],[6,5,3,1,4,2,7],[6,5,3,1,2,7,4],[6,5,3,1,2,4,7],[6,3,7,5,2,1,4],[6,3,7,5,1,4,2],[6,3,7,5,1,2,4],[6,3,5,2,7,1,4],[6,3,5,2,1,7,4],[6,3,5,2,1,4,7],[6,3,5,1,4,2,7],[6,3,5,1,2,7,4],[6,3,5,1,2,4,7],[6,3,2,7,5,1,4],[5,3,2,1,6,7,4],[5,3,2,1,6,4,7],[5,3,2,1,4,6,7],[5,3,1,6,4,2,7],[5,3,1,6,2,7,4],[5,3,1,6,2,4,7],[5,3,1,4,6,2,7],[5,3,1,4,2,6,7],[5,3,1,2,6,7,4],[5,3,1,2,6,4,7],[5,3,1,2,4,6,7],[3,6,7,5,2,1,4],[3,6,7,5,1,4,2],[3,6,7,5,1,2,4],[3,6,5,2,7,1,4],[3,6,5,2,1,7,4],[3,6,5,2,1,4,7],[3,6,5,1,4,2,7],[3,6,5,1,2,7,4],[3,6,5,1,2,4,7],[3,6,2,7,5,1,4],[3,5,2,1,6,7,4],[3,5,2,1,6,4,7],[3,5,2,1,4,6,7],[3,5,1,6,4,2,7],[3,5,1,6,2,7,4],[3,5,1,6,2,4,7],[3,5,1,4,6,2,7],[3,5,1,4,2,6,7],[3,5,1,2,6,7,4],[3,5,1,2,6,4,7],[3,5,1,2,4,6,7],[3,2,6,7,5,1,4],[3,2,1,6,7,5,4],[3,1,6,7,5,4,2],[3,1,6,7,5,2,4],[3,1,6,5,4,2,7],[3,1,6,5,2,7,4],[3,1,6,5,2,4,7],[3,1,6,2,7,5,4],[3,1,2,6,7,5,4]],"extra":{"r":0.9916666666666667,"rtransformed":0.011879383202716507},"type":"empirical"}