{"D":[[0,1,1,1,1,0,0],[1,0,0,0,0,0,0],[1,1,0,1,1,1,0],[1,1,0,0,1,1,0],[0,1,0,1,0,0,0],[1,0,1,1,0,0,1],[0,0,1,0,1,1,0]],"k":12,"P":[[7,6,3,4,1,5,2],[7,6,3,1,5,4,2],[7,6,3,1,4,5,2],[7,6,1,3,5,4,2],[7,6,1,3,4,5,2],[7,3,6,4,1,5,2],[7,3,6,1,5,4,2],[7,3,6,1,4,5,2],[7,3,4,6,1,5,2],[6,7,3,4,1,5,2],[6,7,3,1,5,4,2],[6,7,3,1,4,5,2],[6,7,1,3,5,4,2],[6,7,1,3,4,5,2],[6,1,7,3,5,4,2],[6,1,7,3,4,5,2]],"extra":{"r":0.99818594104308389,"rtransformed":0.047842933421537587},"type":"empirical"}