{"D":[[0,0,6,13,2,15,11],[0,0,2,0,1,0,11],[15,12,0,0,0,19,17],[7,0,0,0,9,0,10],[13,11,0,20,0,3,8],[8,0,13,0,15,0,13],[17,5,11,2,13,2,0]],"k":332,"P":[[3,6,5,4,2,7,1],[3,6,5,2,4,7,1],[3,6,5,2,1,4,7],[3,6,5,1,4,2,7],[3,6,5,1,2,4,7]],"extra":{"r":0.99921579743008315,"rtransformed":0.088022005501375372},"type":"empirical"}