{"D":[[0,1,0,0,0,0,1],[0,0,1,1,0,1,1],[1,0,0,0,0,0,1],[1,0,1,0,1,1,1],[0,1,0,1,0,0,1],[1,0,1,0,1,0,0],[1,0,1,0,1,0,0]],"k":11,"P":[[5,2,4,7,6,3,1],[5,2,4,6,7,3,1],[5,2,4,6,3,7,1],[5,2,4,6,3,1,7],[2,4,7,6,5,3,1],[2,4,7,6,3,5,1],[2,4,7,6,3,1,5],[2,4,6,7,5,3,1],[2,4,6,7,3,5,1],[2,4,6,7,3,1,5],[2,4,6,5,7,3,1],[2,4,6,5,3,7,1],[2,4,6,5,3,1,7],[2,4,6,3,7,5,1],[2,4,6,3,7,1,5],[2,4,6,3,5,7,1],[2,4,6,3,5,1,7],[2,4,6,3,1,7,5],[2,4,6,3,1,5,7]],"extra":{"r":0.998025321239607,"rtransformed":0.049446474191687496},"type":"empirical"}