{"D":[[0,11,0,19,17,2,15],[17,0,2,6,8,6,9],[13,17,0,7,14,0,17],[10,18,0,0,13,12,0],[6,19,8,7,0,18,10],[14,16,0,3,9,0,0],[8,0,11,0,19,0,0]],"k":286,"P":[[3,1,7,4,5,6,2],[3,1,4,7,5,6,2],[3,1,4,5,6,2,7]],"extra":{"r":0.99957333810717275,"rtransformed":0.25952153110047843},"type":"empirical"}