{"D":[[0,11,7,1,9,8,15],[2,0,0,0,3,14,0],[16,0,0,0,0,0,4],[13,0,0,0,0,0,14],[0,8,0,0,0,0,11],[18,2,0,0,0,0,17],[10,0,18,8,6,1,0]],"k":304,"P":[4,1,5,2,6,7,3],"extra":{"r":0.99984042999916012,"rtransformed":0.19576719576719576},"type":"empirical"}