{"D":[[0,0,3,0,17,0,3],[0,0,5,0,1,12,0],[14,12,0,4,14,18,12],[0,0,12,0,0,0,15],[9,16,2,0,0,15,0],[0,20,8,0,3,0,1],[8,0,18,9,0,8,0]],"k":305,"P":[4,7,3,1,5,6,2],"extra":{"r":0.99985591458805745,"rtransformed":0.27380952380952384},"type":"empirical"}