{"D":[[0,6,7,0,0,0,5],[17,0,13,0,0,19,9],[1,1,0,0,17,2,11],[0,0,0,0,0,0,0],[0,0,10,0,0,0,15],[0,4,19,0,0,0,18],[18,17,6,0,3,3,0]],"k":306,"P":[[4,2,6,3,5,7,1],[2,6,4,3,5,7,1],[2,6,3,5,7,4,1],[2,6,3,5,7,1,4],[2,6,3,5,4,7,1],[2,6,3,4,5,7,1],[2,4,6,3,5,7,1]],"extra":{"r":0.99893483709273179,"rtransformed":0.050330046646993643},"type":"empirical"}