{"D":[[0,0,0,0,0,0,0],[1,0,1,1,1,0,0],[0,1,0,0,0,0,1],[1,1,0,0,0,1,1],[1,0,1,0,0,1,1],[1,0,1,1,1,0,0],[0,0,1,1,1,1,0]],"k":13,"P":[[7,6,4,2,5,3,1],[7,6,4,2,5,1,3],[7,6,2,5,4,3,1],[7,6,2,5,4,1,3],[7,6,2,5,3,4,1],[7,6,2,4,5,3,1],[7,6,2,4,5,1,3],[7,4,6,2,5,3,1],[7,4,6,2,5,1,3],[7,4,2,6,5,3,1],[7,4,2,6,5,1,3],[7,4,2,5,6,3,1],[7,4,2,5,6,1,3],[7,2,6,5,4,3,1],[7,2,6,5,4,1,3],[7,2,6,5,3,4,1],[7,2,6,4,5,3,1],[7,2,6,4,5,1,3],[7,2,5,6,4,3,1],[7,2,5,6,4,1,3],[7,2,5,6,3,4,1],[7,2,5,4,6,3,1],[7,2,5,4,6,1,3],[7,2,4,6,5,3,1],[7,2,4,6,5,1,3],[7,2,4,5,6,3,1],[7,2,4,5,6,1,3],[4,7,6,2,5,3,1],[4,7,6,2,5,1,3],[4,7,2,6,5,3,1],[4,7,2,6,5,1,3],[4,7,2,5,6,3,1],[4,7,2,5,6,1,3],[4,2,7,6,5,3,1],[4,2,7,6,5,1,3],[4,2,7,5,6,3,1],[4,2,7,5,6,1,3],[4,2,5,7,6,3,1],[4,2,5,7,6,1,3],[2,7,6,5,4,3,1],[2,7,6,5,4,1,3],[2,7,6,5,3,4,1],[2,7,6,4,5,3,1],[2,7,6,4,5,1,3],[2,7,5,6,4,3,1],[2,7,5,6,4,1,3],[2,7,5,6,3,4,1],[2,7,5,4,6,3,1],[2,7,5,4,6,1,3],[2,7,4,6,5,3,1],[2,7,4,6,5,1,3],[2,7,4,5,6,3,1],[2,7,4,5,6,1,3],[2,5,7,6,4,3,1],[2,5,7,6,4,1,3],[2,5,7,6,3,4,1],[2,5,7,4,6,3,1],[2,5,7,4,6,1,3],[2,5,4,7,6,3,1],[2,5,4,7,6,1,3],[2,4,7,6,5,3,1],[2,4,7,6,5,1,3],[2,4,7,5,6,3,1],[2,4,7,5,6,1,3],[2,4,5,7,6,3,1],[2,4,5,7,6,1,3]],"extra":{"r":0.99189342403628122,"rtransformed":0.011518768023456973},"type":"empirical"}