{"D":[[0,0,0,1,0,1,1],[0,0,1,1,1,1,1],[0,0,0,1,1,1,1],[1,1,0,0,0,1,0],[0,0,1,1,0,0,1],[0,1,0,1,0,0,0],[0,0,1,1,1,0,0]],"k":12,"P":[[2,5,3,1,7,6,4],[2,5,3,1,7,4,6],[2,5,3,1,6,7,4],[2,5,1,7,3,6,4],[2,5,1,7,3,4,6],[2,5,1,3,7,6,4],[2,5,1,3,7,4,6],[2,5,1,3,6,7,4],[2,3,5,1,7,6,4],[2,3,5,1,7,4,6],[2,3,5,1,6,7,4],[2,3,1,7,6,5,4],[2,3,1,7,5,6,4],[2,3,1,7,5,4,6],[2,3,1,6,7,5,4],[2,3,1,6,5,7,4],[2,3,1,5,7,6,4],[2,3,1,5,7,4,6],[2,3,1,5,6,7,4],[2,1,7,5,3,6,4],[2,1,7,5,3,4,6],[2,1,7,3,6,5,4],[2,1,7,3,5,6,4],[2,1,7,3,5,4,6],[2,1,5,7,3,6,4],[2,1,5,7,3,4,6],[2,1,5,3,7,6,4],[2,1,5,3,7,4,6],[2,1,5,3,6,7,4],[2,1,3,7,6,5,4],[2,1,3,7,5,6,4],[2,1,3,7,5,4,6],[2,1,3,6,7,5,4],[2,1,3,6,5,7,4],[2,1,3,5,7,6,4],[2,1,3,5,7,4,6],[2,1,3,5,6,7,4],[1,2,7,5,3,6,4],[1,2,7,5,3,4,6],[1,2,7,3,6,5,4],[1,2,7,3,5,6,4],[1,2,7,3,5,4,6],[1,2,5,7,3,6,4],[1,2,5,7,3,4,6],[1,2,5,3,7,6,4],[1,2,5,3,7,4,6],[1,2,5,3,6,7,4],[1,2,3,7,6,5,4],[1,2,3,7,5,6,4],[1,2,3,7,5,4,6],[1,2,3,6,7,5,4],[1,2,3,6,5,7,4],[1,2,3,5,7,6,4],[1,2,3,5,7,4,6],[1,2,3,5,6,7,4]],"extra":{"r":0.99376417233560088,"rtransformed":0.012713216687971741},"type":"empirical"}