{"D":[[0,0,0,0,1,0,1],[0,0,1,0,1,0,0],[1,1,0,1,0,1,1],[0,0,0,0,0,0,1],[1,0,1,1,0,1,0],[1,0,0,0,1,0,0],[0,1,1,0,1,0,0]],"k":14,"P":[[7,2,5,3,6,4,1],[7,2,5,3,6,1,4],[7,2,5,3,4,6,1],[5,3,6,4,1,7,2],[5,3,6,1,4,7,2],[5,3,4,6,1,7,2],[3,6,4,1,7,2,5],[3,6,1,7,2,5,4],[3,6,1,4,7,2,5],[3,4,6,1,7,2,5],[2,5,3,6,4,1,7],[2,5,3,6,1,4,7],[2,5,3,4,6,1,7]],"extra":{"r":0.99828042328042332,"rtransformed":0.0432306319906677},"type":"empirical"}