{"D":[[0,0,0,1,0,0,0],[1,0,1,1,1,0,1],[0,1,0,1,0,0,0],[1,0,1,0,0,1,1],[0,1,0,1,0,1,1],[0,1,1,1,1,0,1],[0,1,0,0,1,0,0]],"k":14,"P":[[6,5,3,2,4,7,1],[6,5,3,2,4,1,7],[6,5,3,2,1,4,7],[6,5,2,4,7,3,1],[6,5,2,4,7,1,3],[6,5,2,4,3,7,1],[6,5,2,4,3,1,7],[6,5,2,4,1,7,3],[6,5,2,4,1,3,7],[6,5,2,3,4,7,1],[6,5,2,3,4,1,7],[6,5,2,3,1,4,7],[6,5,2,1,4,7,3],[6,5,2,1,4,3,7],[6,5,2,1,3,4,7],[6,3,5,2,4,7,1],[6,3,5,2,4,1,7],[6,3,5,2,1,4,7],[6,3,2,5,4,7,1],[6,3,2,5,4,1,7],[6,3,2,5,1,4,7],[6,3,2,1,5,4,7],[6,2,5,4,7,3,1],[6,2,5,4,7,1,3],[6,2,5,4,3,7,1],[6,2,5,4,3,1,7],[6,2,5,4,1,7,3],[6,2,5,4,1,3,7],[6,2,5,3,4,7,1],[6,2,5,3,4,1,7],[6,2,5,3,1,4,7],[6,2,5,1,4,7,3],[6,2,5,1,4,3,7],[6,2,5,1,3,4,7],[6,2,3,5,4,7,1],[6,2,3,5,4,1,7],[6,2,3,5,1,4,7],[6,2,3,1,5,4,7],[6,2,1,5,4,7,3],[6,2,1,5,4,3,7],[6,2,1,5,3,4,7],[6,2,1,3,5,4,7],[5,6,3,2,4,7,1],[5,6,3,2,4,1,7],[5,6,3,2,1,4,7],[5,6,2,4,7,3,1],[5,6,2,4,7,1,3],[5,6,2,4,3,7,1],[5,6,2,4,3,1,7],[5,6,2,4,1,7,3],[5,6,2,4,1,3,7],[5,6,2,3,4,7,1],[5,6,2,3,4,1,7],[5,6,2,3,1,4,7],[5,6,2,1,4,7,3],[5,6,2,1,4,3,7],[5,6,2,1,3,4,7]],"extra":{"r":0.99246031746031749,"rtransformed":0.011484184344595985},"type":"empirical"}