{"D":[[0,3,0,0,16,1,20],[19,0,0,14,3,9,0],[0,0,0,15,0,8,7],[0,4,7,0,19,8,0],[4,12,0,10,0,0,6],[10,1,18,3,0,0,4],[11,0,13,0,20,12,0]],"k":331,"P":[2,6,1,7,3,4,5],"extra":{"r":0.99984363189720338,"rtransformed":0.2119047619047619},"type":"empirical"}