{"D":[[0,0,1,1,1,1,1],[1,0,1,0,0,0,0],[0,1,0,0,1,0,1],[0,0,0,0,1,1,1],[0,0,1,1,0,1,1],[1,1,1,1,1,0,0],[1,0,0,0,0,0,0]],"k":12,"P":[[6,2,1,5,4,3,7],[6,2,1,5,3,4,7],[6,2,1,4,5,3,7],[6,2,1,4,3,5,7],[6,2,1,3,5,4,7],[6,2,1,3,4,5,7]],"extra":{"r":0.99931972789115642,"rtransformed":0.0722543352601156},"type":"empirical"}