{"D":[[0,0,1,1,1,0,1],[1,0,0,1,0,0,0],[1,1,0,1,0,0,0],[1,0,0,0,1,0,0],[0,1,0,1,0,0,0],[1,0,1,0,0,0,0],[1,0,1,0,1,1,0]],"k":12,"P":[[7,6,5,3,2,4,1],[7,6,5,3,2,1,4],[7,6,3,5,2,4,1],[7,6,3,5,2,1,4],[7,6,3,2,4,1,5],[7,6,3,2,1,5,4],[7,6,3,2,1,4,5],[7,6,3,1,5,2,4],[7,6,1,5,3,2,4],[7,6,1,3,5,2,4],[7,5,6,3,2,4,1],[7,5,6,3,2,1,4]],"extra":{"r":0.998639455782313,"rtransformed":0.046495972697314349},"type":"empirical"}