{"D":[[0,1,0,1,1,0,0],[0,0,0,0,0,1,0],[1,0,0,0,1,0,1],[1,1,0,0,0,1,1],[0,1,0,0,0,1,0],[0,1,0,0,0,0,0],[1,1,1,0,0,0,0]],"k":10,"P":[[4,7,3,1,5,6,2],[4,7,3,1,5,2,6],[4,3,7,1,5,6,2],[4,3,7,1,5,2,6],[3,4,7,1,5,6,2],[3,4,7,1,5,2,6]],"extra":{"r":0.99943310657596374,"rtransformed":0.16490929988506325},"type":"empirical"}