{"D":[[0,1,1,0,1,1,1],[1,0,1,1,1,1,0],[1,0,0,1,1,0,0],[0,1,1,0,1,0,0],[0,1,0,1,0,1,1],[0,0,1,1,1,0,1],[1,0,1,0,0,0,0]],"k":13,"P":[[2,1,6,7,4,3,5],[2,1,6,7,3,5,4],[2,1,6,7,3,4,5],[2,1,6,5,7,4,3],[2,1,6,5,7,3,4],[2,1,6,5,4,7,3],[2,1,6,4,7,3,5],[2,1,6,4,5,7,3],[2,1,6,4,3,5,7],[2,1,6,3,5,7,4],[2,1,6,3,5,4,7],[2,1,6,3,4,5,7],[2,1,5,6,7,4,3],[2,1,5,6,7,3,4],[2,1,5,6,4,7,3],[1,5,2,6,7,4,3],[1,5,2,6,7,3,4],[1,5,2,6,4,7,3],[1,2,6,7,4,3,5],[1,2,6,7,3,5,4],[1,2,6,7,3,4,5],[1,2,6,5,7,4,3],[1,2,6,5,7,3,4],[1,2,6,5,4,7,3],[1,2,6,4,7,3,5],[1,2,6,4,5,7,3],[1,2,6,4,3,5,7],[1,2,6,3,5,7,4],[1,2,6,3,5,4,7],[1,2,6,3,4,5,7],[1,2,5,6,7,4,3],[1,2,5,6,7,3,4],[1,2,5,6,4,7,3]],"extra":{"r":0.99594671201814056,"rtransformed":0.016887304726796153},"type":"empirical"}