{"D":[[0,1,1,0,1,0,1],[0,0,1,0,1,0,1],[1,1,0,0,1,0,0],[0,1,0,0,1,1,1],[0,0,0,0,0,0,1],[0,0,1,1,0,0,1],[0,0,1,0,1,1,0]],"k":10,"P":[[6,4,1,2,7,3,5],[6,1,4,2,7,3,5],[4,6,1,2,7,3,5],[4,1,6,2,7,3,5],[4,1,2,7,6,3,5],[4,1,2,6,7,3,5],[1,6,4,2,7,3,5],[1,4,6,2,7,3,5],[1,4,2,7,6,3,5],[1,4,2,6,7,3,5]],"extra":{"r":0.99905517762660623,"rtransformed":0.10325406758448059},"type":"empirical"}