{"D":[[0,0,0,0,1,0,2],[0,0,18,0,8,12,4],[0,2,0,14,14,0,0],[0,0,8,0,0,4,10],[15,20,4,0,0,17,4],[0,7,0,18,5,0,0],[11,19,0,15,13,0,0]],"k":313,"P":[[7,5,2,6,3,4,1],[7,5,2,6,3,1,4],[7,5,2,6,1,3,4],[7,5,2,3,6,4,1],[7,5,2,3,6,1,4],[7,5,2,3,1,6,4],[7,5,2,1,6,3,4],[7,5,2,1,3,6,4],[7,5,1,2,6,3,4],[7,5,1,2,3,6,4]],"extra":{"r":0.99852135298563871,"rtransformed":0.039251117481624388},"type":"empirical"}