{"D":[[0,0,11,0,0,7,14],[0,0,17,18,8,0,9],[4,7,0,2,9,10,18],[0,9,9,0,0,7,2],[0,13,1,0,0,0,15],[1,0,4,14,0,0,0],[19,17,13,20,4,0,0]],"k":346,"P":[[5,7,2,1,6,4,3],[5,7,1,6,2,4,3],[5,7,1,2,6,4,3]],"extra":{"r":0.99950963718820862,"rtransformed":0.085780525502318392},"type":"empirical"}