{"D":[[0,0,0,1,1,0,1],[0,0,1,0,1,0,1],[1,1,0,0,0,0,1],[0,0,1,0,1,0,1],[0,0,1,1,0,0,1],[0,1,0,1,0,0,1],[0,1,0,1,0,0,0]],"k":11,"P":[[6,2,1,5,4,3,7],[6,2,1,4,5,3,7],[6,1,4,2,5,3,7],[6,1,2,5,4,3,7],[6,1,2,4,5,3,7],[1,6,4,2,5,3,7],[1,6,2,5,4,3,7],[1,6,2,4,5,3,7]],"extra":{"r":0.99916855631141344,"rtransformed":0.10331086731932895},"type":"empirical"}