{"D":[[0,1,0,0,0,1,0],[0,0,1,1,0,1,0],[0,0,0,0,1,1,1],[1,0,1,0,1,1,0],[1,0,0,1,0,1,1],[0,0,0,0,0,0,0],[1,1,1,0,0,1,0]],"k":9,"P":[[7,2,4,3,5,1,6],[5,7,4,1,2,3,6],[5,7,2,4,3,1,6],[5,7,2,4,1,3,6],[5,7,1,2,4,3,6],[5,4,7,1,2,3,6],[4,5,7,1,2,3,6],[4,3,5,7,1,2,6],[2,4,3,5,7,1,6]],"extra":{"r":0.999234693877551,"rtransformed":0.14997656616153729},"type":"empirical"}