{"D":[[0,0,0,0,1,0,1],[1,0,1,1,1,0,0],[0,0,0,0,1,1,1],[1,1,0,0,0,0,1],[0,1,0,0,0,0,1],[1,0,0,1,1,0,1],[0,1,0,0,1,1,0]],"k":10,"P":[[2,3,6,4,1,7,5],[2,3,6,4,1,5,7]],"extra":{"r":0.99981103552532125,"rtransformed":0.27004909983633391},"type":"empirical"}