{"D":[[0,1,0,0,11,0,9],[20,0,0,10,0,0,1],[0,0,0,0,1,13,18],[0,16,15,0,18,0,0],[5,0,13,3,0,12,4],[0,0,1,0,5,0,10],[14,20,2,0,12,4,0]],"k":302,"P":[4,5,3,6,7,2,1],"extra":{"r":0.99985733182161751,"rtransformed":0.28095238095238095},"type":"empirical"}