{"D":[[0,0,1,1,1,1,0],[0,0,0,1,0,0,1],[1,0,0,1,0,1,0],[0,1,0,0,0,1,1],[0,0,1,0,0,1,1],[0,1,1,0,0,0,0],[0,1,0,1,0,1,0]],"k":11,"P":[[1,5,7,3,4,6,2],[1,5,3,7,4,6,2],[1,5,3,4,7,6,2]],"extra":{"r":0.99968820861678009,"rtransformed":0.21223912274495932},"type":"empirical"}