{"D":[[0,0,18,0,0,0,0],[0,0,11,1,0,0,19],[13,6,0,0,5,12,0],[0,19,18,0,0,9,6],[0,0,17,0,0,2,8],[0,0,3,18,15,0,5],[0,11,0,15,16,14,0]],"k":310,"P":[[7,6,5,4,2,1,3],[7,6,5,4,1,2,3],[7,6,5,1,4,2,3],[7,6,4,5,2,1,3],[7,6,4,5,1,2,3],[7,6,4,2,5,1,3],[7,6,4,2,1,5,3],[7,6,4,1,5,2,3],[7,6,4,1,2,5,3],[7,6,1,5,4,2,3],[7,6,1,4,5,2,3],[7,6,1,4,2,5,3],[7,1,6,5,4,2,3],[7,1,6,4,5,2,3],[7,1,6,4,2,5,3],[1,7,6,5,4,2,3],[1,7,6,4,5,2,3],[1,7,6,4,2,5,3]],"extra":{"r":0.9972252058718224,"rtransformed":0.0222984773269338},"type":"empirical"}