{"D":[[0,1,1,0,0,0,0],[1,0,1,0,0,0,0],[1,0,0,0,0,0,0],[0,1,0,0,0,0,0],[1,1,0,0,0,1,0],[1,0,1,1,0,0,0],[0,1,1,0,0,1,0]],"k":10,"P":[[7,5,6,4,2,3,1],[7,5,6,4,2,1,3],[7,5,6,4,1,2,3],[7,5,6,1,4,2,3],[5,7,6,4,2,3,1],[5,7,6,4,2,1,3],[5,7,6,4,1,2,3],[5,7,6,1,4,2,3]],"extra":{"r":0.999244142101285,"rtransformed":0.078985160363810439},"type":"empirical"}