{"D":[[0,14,0,18,0,0,0],[4,0,3,0,0,14,0],[0,8,0,17,0,8,7],[6,0,6,0,12,0,15],[0,0,0,18,0,0,10],[0,2,17,0,0,0,16],[0,0,1,10,20,7,0]],"k":345,"P":[1,2,6,3,7,5,4],"extra":{"r":0.99983701814058956,"rtransformed":0.17857142857142858},"type":"empirical"}