{"D":[[0,0,0,1,0,1,0],[0,0,0,1,1,1,0],[1,1,0,1,0,1,1],[1,1,1,0,0,1,0],[1,0,1,0,0,0,1],[1,0,0,1,1,0,0],[1,0,1,0,1,1,0]],"k":13,"P":[[7,4,3,2,6,5,1],[7,3,4,2,6,5,1],[7,3,2,6,5,4,1],[7,3,2,6,5,1,4],[7,3,2,6,4,5,1],[7,3,2,4,6,5,1],[4,7,3,2,6,5,1],[4,3,7,2,6,5,1],[4,3,2,7,6,5,1],[3,7,4,2,6,5,1],[3,7,2,6,5,4,1],[3,7,2,6,5,1,4],[3,7,2,6,4,5,1],[3,7,2,4,6,5,1],[3,4,7,2,6,5,1],[3,4,2,7,6,5,1],[3,2,7,6,5,4,1],[3,2,7,6,5,1,4],[3,2,7,6,4,5,1],[3,2,7,4,6,5,1],[3,2,4,7,6,5,1]],"extra":{"r":0.99742063492063493,"rtransformed":0.038111722927774289},"type":"empirical"}