{"D":[[0,0,0,1,1,1,1],[0,0,1,1,0,1,0],[1,0,0,0,0,1,1],[1,1,1,0,0,1,0],[1,1,1,0,0,0,1],[0,0,0,1,1,0,1],[1,0,0,0,0,0,0]],"k":11,"P":[[5,4,2,3,1,6,7],[5,2,4,3,1,6,7],[4,5,2,3,1,6,7]],"extra":{"r":0.99968820861678009,"rtransformed":0.16431603450636725},"type":"empirical"}