{"D":[[0,0,14,0,15,9,0],[0,0,9,0,8,17,0],[3,14,0,18,0,15,0],[0,0,7,0,0,3,4],[5,15,0,0,0,17,8],[1,8,5,8,7,0,15],[0,0,0,16,13,10,0]],"k":280,"P":[[7,1,5,3,2,6,4],[7,1,3,5,2,6,4],[1,7,5,3,2,6,4],[1,7,3,5,2,6,4],[1,5,3,2,6,7,4],[1,3,7,5,2,6,4],[1,3,5,2,6,7,4]],"extra":{"r":0.99897119341563789,"rtransformed":0.078835170139168215},"type":"empirical"}