{"D":[[0,1,7,3,0,17,19],[14,0,19,0,9,19,12],[13,6,0,0,11,17,12],[15,0,0,0,0,0,3],[0,19,3,0,0,6,0],[12,4,8,0,13,0,0],[2,4,7,16,0,0,0]],"k":302,"P":[[2,3,1,7,6,5,4],[2,3,1,7,6,4,5],[2,3,1,7,4,6,5],[2,3,1,6,7,5,4],[2,3,1,6,7,4,5],[2,3,1,6,5,7,4]],"extra":{"r":0.99909893782074233,"rtransformed":0.041410813772297446},"type":"empirical"}