{"D":[[0,1,1,0,1,0,1],[1,0,0,0,1,0,1],[0,1,0,1,1,1,1],[1,0,1,0,1,1,1],[0,1,1,1,0,1,0],[1,0,0,1,0,0,1],[1,0,0,0,1,0,0]],"k":13,"P":[[6,4,1,3,2,7,5],[4,6,1,3,2,7,5],[4,3,6,2,7,1,5],[4,3,6,2,1,7,5],[4,3,6,1,2,7,5],[4,3,2,6,7,1,5],[4,3,2,6,1,7,5],[4,1,5,3,6,2,7],[4,1,5,3,2,6,7],[4,1,3,6,2,7,5],[4,1,3,5,6,2,7],[4,1,3,5,2,6,7],[4,1,3,2,7,5,6],[4,1,3,2,6,7,5],[4,1,3,2,5,6,7],[3,6,4,2,7,1,5],[3,6,4,2,1,7,5],[3,6,4,1,2,7,5],[3,6,2,4,7,1,5],[3,6,2,4,1,7,5],[3,4,6,2,7,1,5],[3,4,6,2,1,7,5],[3,4,6,1,2,7,5],[3,4,2,6,7,1,5],[3,4,2,6,1,7,5],[3,2,6,4,7,1,5],[3,2,6,4,1,7,5],[3,2,4,6,7,1,5],[3,2,4,6,1,7,5]],"extra":{"r":0.99643801965230538,"rtransformed":0.022540918307619746},"type":"empirical"}