{"D":[[0,11,19,0,17,0,0],[1,0,0,9,13,0,17],[10,0,0,0,11,4,1],[0,17,0,0,13,0,16],[2,1,1,7,0,0,11],[9,0,15,0,0,0,0],[0,9,10,0,18,0,0]],"k":269,"P":[[6,4,1,2,7,3,5],[6,1,4,2,7,3,5],[4,6,1,2,7,3,5]],"extra":{"r":0.9995986991287743,"rtransformed":0.14341530682601697},"type":"empirical"}