{"D":[[0,1,0,1,1,1,0],[1,0,1,1,1,1,0],[1,1,0,1,1,1,1],[0,0,0,0,0,0,1],[0,0,1,0,0,1,0],[0,0,0,1,1,0,1],[0,1,0,0,0,1,0]],"k":10,"P":[[3,7,2,1,6,5,4],[3,7,2,1,6,4,5],[3,7,2,1,5,6,4],[3,7,1,2,6,5,4],[3,7,1,2,6,4,5],[3,7,1,2,5,6,4],[3,2,1,6,5,4,7],[3,2,1,6,4,7,5],[3,2,1,6,4,5,7],[3,2,1,5,6,4,7],[3,1,7,2,6,5,4],[3,1,7,2,6,4,5],[3,1,7,2,5,6,4],[3,1,2,6,5,4,7],[3,1,2,6,4,7,5],[3,1,2,6,4,5,7],[3,1,2,5,6,4,7],[2,3,1,6,5,4,7],[2,3,1,6,4,7,5],[2,3,1,6,4,5,7],[2,3,1,5,6,4,7]],"extra":{"r":0.998015873015873,"rtransformed":0.0548102196145845},"type":"empirical"}