{"D":[[0,1,1,0,0,0,0],[0,0,0,0,0,1,0],[0,0,0,1,0,1,1],[0,0,1,0,1,1,1],[0,0,1,1,0,0,0],[0,1,0,0,0,0,0],[1,1,0,1,1,0,0]],"k":14,"P":[[7,5,4,1,3,6,2],[7,5,4,1,3,2,6],[7,5,4,1,2,3,6],[7,5,1,4,3,6,2],[7,5,1,4,3,2,6],[7,5,1,4,2,3,6],[7,5,1,3,4,6,2],[7,5,1,3,4,2,6],[7,5,1,3,2,4,6],[7,5,1,2,4,3,6],[7,5,1,2,3,4,6],[7,4,5,1,3,6,2],[7,4,5,1,3,2,6],[7,4,5,1,2,3,6],[7,4,1,5,3,6,2],[7,4,1,5,3,2,6],[7,4,1,5,2,3,6],[7,4,1,2,5,3,6],[7,1,5,4,3,6,2],[7,1,5,4,3,2,6],[7,1,5,4,2,3,6],[7,1,5,3,4,6,2],[7,1,5,3,4,2,6],[7,1,5,3,2,4,6],[7,1,5,2,4,3,6],[7,1,5,2,3,4,6],[7,1,4,5,3,6,2],[7,1,4,5,3,2,6],[7,1,4,5,2,3,6],[7,1,4,2,5,3,6],[7,1,2,5,4,3,6],[7,1,2,5,3,4,6],[7,1,2,4,5,3,6],[4,7,5,1,3,6,2],[4,7,5,1,3,2,6],[4,7,5,1,2,3,6],[4,7,1,5,3,6,2],[4,7,1,5,3,2,6],[4,7,1,5,2,3,6],[4,7,1,2,5,3,6]],"extra":{"r":0.99470899470899465,"rtransformed":0.016011714553553817},"type":"empirical"}