{"D":[[0,1,1,0,1,1,1],[0,0,0,1,0,0,1],[1,1,0,1,0,1,0],[0,1,1,0,1,1,0],[1,0,1,0,0,1,1],[0,0,1,1,1,0,0],[0,0,0,0,0,1,0]],"k":12,"P":[[4,5,3,1,2,7,6],[4,5,1,3,2,7,6],[4,1,5,3,2,7,6],[1,4,5,3,2,7,6]],"extra":{"r":0.999546485260771,"rtransformed":0.13286311818256374},"type":"empirical"}