{"D":[[0,1,0,0,0,0,1],[0,0,1,1,0,1,1],[1,1,0,1,0,0,0],[1,1,1,0,0,1,1],[0,0,0,0,0,0,1],[1,0,0,1,0,0,1],[1,1,1,0,0,0,0]],"k":14,"P":[[6,5,4,7,3,1,2],[6,4,5,7,3,1,2],[5,6,4,7,3,1,2],[5,4,6,7,3,1,2],[5,4,2,6,7,3,1],[5,2,6,4,7,3,1],[5,2,4,6,7,3,1],[4,6,5,7,3,1,2],[4,5,6,7,3,1,2],[4,5,2,6,7,3,1],[4,2,6,5,7,3,1],[4,2,5,6,7,3,1],[2,6,5,4,7,3,1],[2,6,4,5,7,3,1],[2,5,6,4,7,3,1],[2,5,4,6,7,3,1],[2,4,6,5,7,3,1],[2,4,5,6,7,3,1]],"extra":{"r":0.99761904761904763,"rtransformed":0.028109904213729761},"type":"empirical"}