{"D":[[0,10,0,0,0,12,14],[3,0,19,13,17,0,0],[0,10,0,11,8,17,7],[0,5,19,0,6,0,0],[0,1,15,15,0,0,6],[19,0,0,0,0,0,0],[4,0,14,0,18,0,0]],"k":296,"P":[[1,7,2,5,4,3,6],[1,2,7,5,4,3,6]],"extra":{"r":0.99970561323944784,"rtransformed":0.56764949021769084},"type":"empirical"}