{"D":[[0,1,0,19,18,13,3],[12,0,0,7,8,0,0],[0,0,0,6,0,7,13],[5,2,15,0,0,14,19],[11,18,0,0,0,4,0],[4,0,19,3,12,0,0],[14,0,18,10,0,0,0]],"k":316,"P":[[7,2,1,4,6,5,3],[7,2,1,4,6,3,5],[2,7,1,4,6,5,3],[2,7,1,4,6,3,5]],"extra":{"r":0.99937144448422643,"rtransformed":0.10951473390998387},"type":"empirical"}