{"D":[[0,1,11,12,16,0,0],[11,0,0,0,0,7,1],[3,0,0,0,20,1,19],[3,0,0,0,0,12,15],[10,0,13,0,0,0,0],[0,16,19,20,0,0,4],[0,7,2,4,0,9,0]],"k":328,"P":[[6,2,1,4,3,7,5],[6,2,1,4,3,5,7],[6,2,1,3,5,4,7],[6,2,1,3,4,7,5],[6,2,1,3,4,5,7]],"extra":{"r":0.9992252456538171,"rtransformed":0.045742697327532625},"type":"empirical"}