{"D":[[0,19,0,8,8,0,0],[12,0,0,2,7,0,8],[0,0,0,0,0,2,0],[2,19,0,0,0,10,0],[13,13,0,0,0,14,0],[0,0,12,17,9,0,4],[0,17,17,0,5,16,0]],"k":293,"P":[[7,5,6,3,1,4,2],[7,5,6,1,4,3,2],[7,5,6,1,4,2,3],[7,5,6,1,3,4,2],[7,5,1,6,4,3,2],[7,5,1,6,4,2,3],[7,5,1,6,3,4,2]],"extra":{"r":0.998980089111668,"rtransformed":0.079068582049194078},"type":"empirical"}