{"D":[[0,1,1,0,0,0,0],[1,0,0,1,1,1,1],[0,0,0,1,0,1,0],[1,0,1,0,0,0,0],[1,1,1,1,0,0,1],[0,0,0,1,1,0,1],[1,0,1,0,1,1,0]],"k":10,"P":[[2,7,6,5,4,1,3],[2,6,7,5,4,1,3],[2,6,5,7,4,1,3],[2,6,5,4,7,1,3]],"extra":{"r":0.99962207105064249,"rtransformed":0.13733786502046197},"type":"empirical"}