{"D":[[0,15,0,11,11,1,0],[20,0,4,7,7,0,0],[0,17,0,17,12,0,5],[20,20,7,0,0,0,0],[5,19,2,0,0,0,6],[11,0,0,0,0,0,0],[0,0,15,0,16,0,0]],"k":322,"P":[[7,6,3,4,1,5,2],[7,3,6,4,1,5,2],[7,3,4,6,1,5,2],[6,7,3,4,1,5,2]],"extra":{"r":0.99939153439153439,"rtransformed":0.064972375690607737},"type":"empirical"}