{"D":[[0,0,19,17,10,13,0],[0,0,0,12,18,2,0],[11,0,0,0,11,13,19],[2,3,0,0,17,0,12],[2,1,18,10,0,0,0],[3,17,20,0,0,0,2],[0,0,0,5,5,20,0]],"k":310,"P":[1,3,7,6,2,4,5],"extra":{"r":0.99985355253212393,"rtransformed":0.26190476190476192},"type":"empirical"}