{"D":[[0,0,4,3,18,0,8],[0,0,6,5,20,0,0],[16,19,0,0,9,14,0],[16,18,0,0,2,4,0],[13,11,17,18,0,2,0],[0,0,4,9,8,0,1],[16,0,0,0,0,6,0]],"k":337,"P":[[7,5,3,6,4,2,1],[7,5,3,6,4,1,2],[5,7,3,6,4,2,1],[5,7,3,6,4,1,2],[5,3,7,6,4,2,1],[5,3,7,6,4,1,2]],"extra":{"r":0.99904478458049883,"rtransformed":0.042348379196571313},"type":"empirical"}