{"D":[[0,0,1,0,1,1,0],[0,0,0,0,1,0,1],[0,1,0,0,0,1,1],[1,1,1,0,1,0,1],[0,1,1,1,0,1,1],[0,1,1,0,0,0,1],[1,1,1,1,1,0,0]],"k":11,"P":[[7,4,1,5,6,3,2],[7,4,1,5,3,6,2],[4,7,1,5,6,3,2],[4,7,1,5,3,6,2],[4,1,5,6,7,3,2],[4,1,5,6,3,7,2],[4,1,5,6,3,2,7],[4,1,5,3,6,7,2],[4,1,5,3,6,2,7]],"extra":{"r":0.99906462585034017,"rtransformed":0.10485156949693092},"type":"empirical"}