{"D":[[0,1,0,1,0,0,0],[1,0,1,1,0,0,1],[0,1,0,1,0,1,1],[0,0,1,0,0,0,1],[0,0,0,1,0,1,0],[0,0,0,0,0,0,0],[1,0,1,1,1,0,0]],"k":13,"P":[[3,2,7,5,6,1,4],[3,2,7,5,1,6,4],[3,2,7,5,1,4,6],[3,2,7,1,5,6,4],[3,2,7,1,5,4,6],[2,7,5,3,6,1,4],[2,7,5,3,1,6,4],[2,7,5,3,1,4,6],[2,7,5,1,4,3,6],[2,7,5,1,3,6,4],[2,7,5,1,3,4,6],[2,7,3,5,6,1,4],[2,7,3,5,1,6,4],[2,7,3,5,1,4,6],[2,7,3,1,5,6,4],[2,7,3,1,5,4,6],[2,7,1,5,4,3,6],[2,7,1,5,3,6,4],[2,7,1,5,3,4,6],[2,7,1,3,5,6,4],[2,7,1,3,5,4,6],[2,3,7,5,6,1,4],[2,3,7,5,1,6,4],[2,3,7,5,1,4,6],[2,3,7,1,5,6,4],[2,3,7,1,5,4,6]],"extra":{"r":0.996806500377929,"rtransformed":0.028062692054048724},"type":"empirical"}