{"D":[[0,0,0,1,1,1,1],[0,0,0,0,1,1,1],[0,1,0,1,0,0,0],[1,1,0,0,0,0,0],[0,1,1,0,0,0,1],[1,1,1,1,0,0,0],[0,1,1,1,1,1,0]],"k":10,"P":[[1,7,6,5,3,4,2],[1,7,5,6,3,4,2],[1,5,7,6,3,4,2]],"extra":{"r":0.99971655328798181,"rtransformed":0.17718120805369128},"type":"empirical"}