{"D":[[0,0,0,0,0,0,0],[0,0,1,0,1,0,0],[0,1,0,1,0,1,0],[1,0,0,0,1,0,0],[0,1,1,0,0,0,0],[1,0,1,1,0,0,1],[1,0,1,1,1,0,0]],"k":12,"P":[[6,7,5,3,4,2,1],[6,7,5,3,4,1,2],[6,7,5,3,2,4,1],[6,7,5,2,3,4,1],[6,7,4,5,3,2,1],[6,7,4,5,3,1,2],[6,7,4,5,2,3,1],[6,7,4,5,2,1,3],[6,7,4,5,1,3,2],[6,7,4,5,1,2,3],[6,7,4,2,5,3,1],[6,7,4,2,5,1,3],[6,7,4,2,1,5,3],[6,7,4,1,5,3,2],[6,7,4,1,5,2,3],[6,7,4,1,2,5,3],[6,7,3,4,5,2,1],[6,7,3,4,5,1,2],[6,7,3,4,2,5,1],[6,7,3,4,2,1,5],[6,7,3,4,1,5,2],[6,7,3,4,1,2,5],[6,7,3,2,4,5,1],[6,7,3,2,4,1,5],[6,7,2,5,3,4,1],[6,7,2,4,5,3,1],[6,7,2,4,5,1,3],[6,7,2,4,1,5,3],[6,7,2,3,4,5,1],[6,7,2,3,4,1,5],[6,2,7,5,3,4,1],[6,2,7,4,5,3,1],[6,2,7,4,5,1,3],[6,2,7,4,1,5,3],[6,2,7,3,4,5,1],[6,2,7,3,4,1,5],[2,6,7,5,3,4,1],[2,6,7,4,5,3,1],[2,6,7,4,5,1,3],[2,6,7,4,1,5,3],[2,6,7,3,4,5,1],[2,6,7,3,4,1,5]],"extra":{"r":0.99523809523809526,"rtransformed":0.018233973004825405},"type":"empirical"}