{"D":[[0,0,1,0,0,1,0],[1,0,1,0,0,0,1],[1,0,0,0,0,1,0],[0,1,1,0,1,0,0],[0,1,1,1,0,0,0],[1,0,0,1,1,0,0],[0,1,0,1,1,1,0]],"k":11,"P":[[7,6,5,4,2,3,1],[7,6,5,4,2,1,3],[7,6,4,5,2,3,1],[7,6,4,5,2,1,3]],"extra":{"r":0.99958427815570672,"rtransformed":0.12323702587977543},"type":"empirical"}