{"D":[[0,1,0,0,1,1,0],[1,0,1,1,0,0,1],[1,1,0,0,0,1,0],[0,1,1,0,1,0,0],[1,0,0,0,0,0,0],[1,0,0,1,0,0,0],[0,1,1,1,1,1,0]],"k":14,"P":[[7,6,4,5,3,2,1],[7,6,4,5,3,1,2],[7,6,4,5,2,3,1],[7,6,4,3,5,2,1],[7,6,4,3,5,1,2],[7,6,4,3,2,5,1],[7,6,4,3,2,1,5],[7,6,4,3,1,5,2],[7,6,4,3,1,2,5],[7,6,4,2,5,3,1],[7,6,4,2,3,5,1],[7,6,4,2,3,1,5],[7,6,2,4,5,3,1],[7,6,2,4,3,5,1],[7,6,2,4,3,1,5],[7,4,5,3,6,2,1],[7,4,5,3,6,1,2],[7,4,5,3,2,6,1],[7,4,5,3,2,1,6],[7,4,5,3,1,6,2],[7,4,5,3,1,2,6],[7,4,5,2,3,6,1],[7,4,5,2,3,1,6],[7,4,3,6,5,2,1],[7,4,3,6,5,1,2],[7,4,3,6,2,5,1],[7,4,3,6,2,1,5],[7,4,3,6,1,5,2],[7,4,3,6,1,2,5],[7,4,3,5,6,2,1],[7,4,3,5,6,1,2],[7,4,3,5,2,6,1],[7,4,3,5,2,1,6],[7,4,3,5,1,6,2],[7,4,3,5,1,2,6],[7,4,3,2,6,5,1],[7,4,3,2,6,1,5],[7,4,3,2,5,6,1],[7,4,3,2,5,1,6],[7,4,3,2,1,6,5],[7,4,3,2,1,5,6],[7,4,3,1,6,5,2],[7,4,3,1,6,2,5],[7,4,3,1,5,6,2],[7,4,3,1,5,2,6],[7,4,3,1,2,6,5],[7,4,3,1,2,5,6],[7,4,2,5,3,6,1],[7,4,2,5,3,1,6],[7,4,2,3,6,5,1],[7,4,2,3,6,1,5],[7,4,2,3,5,6,1],[7,4,2,3,5,1,6],[7,4,2,3,1,6,5],[7,4,2,3,1,5,6],[7,3,6,4,5,2,1],[7,3,6,4,5,1,2],[7,3,6,4,2,5,1],[7,3,6,4,2,1,5],[7,3,6,4,1,5,2],[7,3,6,4,1,2,5],[7,3,6,2,4,5,1],[7,3,6,2,4,1,5],[7,3,6,2,1,4,5],[7,3,6,1,4,5,2],[7,3,6,1,4,2,5],[7,3,6,1,2,4,5],[7,3,2,6,4,5,1],[7,3,2,6,4,1,5],[7,3,2,6,1,4,5],[7,3,2,1,6,4,5],[7,3,1,6,4,5,2],[7,3,1,6,4,2,5],[7,3,1,6,2,4,5],[7,3,1,2,6,4,5],[7,2,6,4,5,3,1],[7,2,6,4,3,5,1],[7,2,6,4,3,1,5],[7,2,4,5,3,6,1],[7,2,4,5,3,1,6],[7,2,4,3,6,5,1],[7,2,4,3,6,1,5],[7,2,4,3,5,6,1],[7,2,4,3,5,1,6],[7,2,4,3,1,6,5],[7,2,4,3,1,5,6],[7,2,3,6,4,5,1],[7,2,3,6,4,1,5],[7,2,3,6,1,4,5],[7,2,3,1,6,4,5],[2,7,6,4,5,3,1],[2,7,6,4,3,5,1],[2,7,6,4,3,1,5],[2,7,4,5,3,6,1],[2,7,4,5,3,1,6],[2,7,4,3,6,5,1],[2,7,4,3,6,1,5],[2,7,4,3,5,6,1],[2,7,4,3,5,1,6],[2,7,4,3,1,6,5],[2,7,4,3,1,5,6],[2,7,3,6,4,5,1],[2,7,3,6,4,1,5],[2,7,3,6,1,4,5],[2,7,3,1,6,4,5]],"extra":{"r":0.98611111111111116,"rtransformed":0.0064273016707304476},"type":"empirical"}