{"D":[[0,1,12,0,0,3,0],[10,0,5,11,0,17,7],[18,18,0,17,0,12,8],[0,2,11,0,9,5,11],[0,0,0,17,0,17,18],[9,6,17,18,10,0,16],[0,20,17,4,3,9,0]],"k":312,"P":[[5,6,7,3,2,4,1],[5,6,7,3,2,1,4]],"extra":{"r":0.99970521541950108,"rtransformed":0.14882866329811664},"type":"empirical"}