{"D":[[0,0,1,0,1,0,1],[0,0,1,0,1,1,1],[1,1,0,1,1,1,0],[1,1,1,0,1,1,0],[1,0,0,1,0,0,1],[1,1,0,1,0,0,1],[1,0,0,1,1,0,0]],"k":14,"P":[[4,3,6,2,7,5,1],[4,3,6,2,7,1,5],[4,3,6,2,5,7,1],[4,3,6,2,5,1,7],[4,3,6,2,1,7,5],[4,3,6,2,1,5,7],[4,3,6,1,2,7,5],[4,3,6,1,2,5,7],[4,3,2,6,7,5,1],[4,3,2,6,7,1,5],[4,3,2,6,5,7,1],[4,3,2,6,5,1,7],[4,3,2,6,1,7,5],[4,3,2,6,1,5,7],[4,3,2,5,6,7,1],[4,3,2,5,6,1,7],[4,2,3,6,7,5,1],[4,2,3,6,7,1,5],[4,2,3,6,5,7,1],[4,2,3,6,5,1,7],[4,2,3,6,1,7,5],[4,2,3,6,1,5,7],[4,2,3,5,6,7,1],[4,2,3,5,6,1,7],[3,6,7,4,2,5,1],[3,6,7,4,2,1,5],[3,6,7,4,1,2,5],[3,6,4,2,7,5,1],[3,6,4,2,7,1,5],[3,6,4,2,5,7,1],[3,6,4,2,5,1,7],[3,6,4,2,1,7,5],[3,6,4,2,1,5,7],[3,6,4,1,2,7,5],[3,6,4,1,2,5,7],[3,6,2,7,5,4,1],[3,6,2,7,4,5,1],[3,6,2,7,4,1,5],[3,6,2,5,7,4,1],[3,4,6,2,7,5,1],[3,4,6,2,7,1,5],[3,4,6,2,5,7,1],[3,4,6,2,5,1,7],[3,4,6,2,1,7,5],[3,4,6,2,1,5,7],[3,4,6,1,2,7,5],[3,4,6,1,2,5,7],[3,4,2,6,7,5,1],[3,4,2,6,7,1,5],[3,4,2,6,5,7,1],[3,4,2,6,5,1,7],[3,4,2,6,1,7,5],[3,4,2,6,1,5,7],[3,4,2,5,6,7,1],[3,4,2,5,6,1,7],[3,2,6,7,5,4,1],[3,2,6,7,4,5,1],[3,2,6,7,4,1,5],[3,2,6,5,7,4,1],[3,2,5,6,7,4,1],[2,3,6,7,5,4,1],[2,3,6,7,4,5,1],[2,3,6,7,4,1,5],[2,3,6,5,7,4,1],[2,3,5,6,7,4,1]],"extra":{"r":0.9914021164021164,"rtransformed":0.0099650371038222489},"type":"empirical"}