{"D":[[0,0,6,11,0,18,0],[0,0,15,0,4,14,0],[14,9,0,6,2,13,13],[19,0,17,0,0,0,1],[0,12,19,0,0,1,11],[6,2,8,0,15,0,0],[0,0,1,10,4,0,0]],"k":316,"P":[[5,4,2,3,7,1,6],[5,4,2,3,1,7,6],[5,4,2,3,1,6,7],[5,2,4,3,7,1,6],[5,2,4,3,1,7,6],[5,2,4,3,1,6,7],[4,5,2,3,7,1,6],[4,5,2,3,1,7,6],[4,5,2,3,1,6,7]],"extra":{"r":0.99858575008950945,"rtransformed":0.036847469603612237},"type":"empirical"}