{"D":[[0,0,1,0,0,0,1],[1,0,1,1,0,0,0],[0,0,0,0,0,1,1],[0,0,0,0,1,0,0],[0,1,0,1,0,0,1],[0,0,0,1,0,0,1],[1,1,1,1,0,1,0]],"k":11,"P":[5,7,2,1,3,6,4],"extra":{"r":0.99989606953892674,"rtransformed":0.47619047619047616},"type":"empirical"}