{"D":[[0,0,6,16,19,0,12],[0,0,0,2,12,10,0],[13,0,0,3,0,0,16],[8,8,19,0,0,1,0],[2,4,18,0,0,3,14],[0,17,0,12,10,0,17],[5,0,3,0,5,4,0]],"k":266,"P":[[6,1,4,2,5,3,7],[1,6,4,2,5,3,7]],"extra":{"r":0.9997354497354497,"rtransformed":0.73298429319371738},"type":"empirical"}