{"D":[[0,1,0,1,1,0,0],[1,0,1,0,0,1,0],[1,0,0,0,1,1,0],[0,1,1,0,1,1,0],[0,1,0,1,0,1,1],[0,1,0,1,0,0,0],[1,0,1,1,0,1,0]],"k":12,"P":[[7,4,3,1,5,6,2],[7,4,3,1,5,2,6],[7,4,2,3,1,5,6],[7,3,1,5,6,4,2],[7,3,1,5,4,6,2],[7,3,1,5,4,2,6],[7,3,1,4,5,6,2],[7,3,1,4,5,2,6],[7,1,5,4,2,3,6],[7,1,4,5,2,3,6],[7,1,4,3,5,6,2],[7,1,4,3,5,2,6],[7,1,4,2,3,5,6],[5,7,4,2,3,6,1],[5,7,4,2,3,1,6],[5,7,1,4,2,3,6],[1,5,7,4,2,3,6]],"extra":{"r":0.99807256235827668,"rtransformed":0.051777452836972909},"type":"empirical"}