{"D":[[0,0,0,0,1,0,0],[0,0,1,0,0,0,0],[1,0,0,1,0,1,1],[0,1,0,0,1,1,1],[0,1,0,0,0,1,1],[0,1,1,1,1,0,1],[1,1,0,1,0,0,0]],"k":12,"P":[[6,3,7,4,1,5,2],[6,3,7,1,4,5,2],[6,3,4,7,1,5,2],[6,3,4,5,7,2,1],[6,3,4,5,7,1,2],[6,3,4,1,5,7,2],[6,3,1,4,5,7,2],[3,6,7,4,1,5,2],[3,6,7,1,4,5,2],[3,6,4,7,1,5,2],[3,6,4,5,7,2,1],[3,6,4,5,7,1,2],[3,6,4,1,5,7,2],[3,6,1,4,5,7,2],[3,4,6,7,1,5,2],[3,4,6,5,7,2,1],[3,4,6,5,7,1,2],[3,4,6,1,5,7,2],[3,4,5,6,7,2,1],[3,4,5,6,7,1,2],[3,4,1,6,5,7,2],[3,4,1,5,6,7,2],[3,1,6,4,5,7,2],[3,1,4,6,5,7,2],[3,1,4,5,6,7,2]],"extra":{"r":0.99716553287981857,"rtransformed":0.0486167119947482},"type":"empirical"}