{"D":[[0,0,8,0,0,3,0],[0,0,9,3,19,19,0],[13,19,0,7,0,0,0],[0,17,19,0,0,0,0],[0,2,0,0,0,6,1],[16,5,0,0,20,0,5],[16,0,0,0,20,17,0]],"k":274,"P":[[7,4,3,2,6,5,1],[7,4,3,2,6,1,5],[4,7,3,2,6,5,1],[4,7,3,2,6,1,5],[4,3,7,2,6,5,1],[4,3,7,2,6,1,5],[4,3,2,7,6,5,1],[4,3,2,7,6,1,5]],"extra":{"r":0.99896447467876037,"rtransformed":0.096921034330151076},"type":"empirical"}