{"D":[[0,1,1,1,0,1,1],[0,0,1,0,1,0,0],[0,1,0,1,0,1,0],[1,0,1,0,1,1,0],[0,0,0,0,0,0,0],[0,0,1,1,1,0,0],[1,0,0,0,1,1,0]],"k":13,"P":[[7,4,1,6,3,2,5],[7,4,1,6,2,5,3],[7,4,1,6,2,3,5],[7,4,1,3,6,2,5],[7,4,1,3,2,6,5],[7,4,1,2,6,5,3],[7,4,1,2,6,3,5],[7,4,1,2,3,6,5],[7,1,6,4,3,2,5],[7,1,6,4,2,5,3],[7,1,6,4,2,3,5],[7,1,6,3,4,2,5],[7,1,6,3,2,4,5],[7,1,6,2,4,5,3],[7,1,6,2,4,3,5],[7,1,6,2,3,4,5],[7,1,4,6,3,2,5],[7,1,4,6,2,5,3],[7,1,4,6,2,3,5],[7,1,4,3,6,2,5],[7,1,4,3,2,6,5],[7,1,4,2,6,5,3],[7,1,4,2,6,3,5],[7,1,4,2,3,6,5],[7,1,3,6,4,2,5],[7,1,3,6,2,4,5],[7,1,3,4,6,2,5],[7,1,3,4,2,6,5],[7,1,3,2,6,4,5],[7,1,3,2,4,6,5],[7,1,2,6,4,5,3],[7,1,2,6,4,3,5],[7,1,2,6,3,4,5],[7,1,2,4,6,5,3],[7,1,2,4,6,3,5],[7,1,2,4,3,6,5],[7,1,2,3,6,4,5],[7,1,2,3,4,6,5],[4,7,1,6,3,2,5],[4,7,1,6,2,5,3],[4,7,1,6,2,3,5],[4,7,1,3,6,2,5],[4,7,1,3,2,6,5],[4,7,1,2,6,5,3],[4,7,1,2,6,3,5],[4,7,1,2,3,6,5],[4,1,7,6,3,2,5],[4,1,7,6,2,5,3],[4,1,7,6,2,3,5],[4,1,7,3,6,2,5],[4,1,7,3,2,6,5],[4,1,7,2,6,5,3],[4,1,7,2,6,3,5],[4,1,7,2,3,6,5],[4,1,3,7,6,2,5],[4,1,3,7,2,6,5],[4,1,3,2,7,6,5],[4,1,2,7,6,5,3],[4,1,2,7,6,3,5],[4,1,2,7,3,6,5],[4,1,2,3,7,6,5],[1,7,6,4,3,2,5],[1,7,6,4,2,5,3],[1,7,6,4,2,3,5],[1,7,6,3,4,2,5],[1,7,6,3,2,4,5],[1,7,6,2,4,5,3],[1,7,6,2,4,3,5],[1,7,6,2,3,4,5],[1,7,4,6,3,2,5],[1,7,4,6,2,5,3],[1,7,4,6,2,3,5],[1,7,4,3,6,2,5],[1,7,4,3,2,6,5],[1,7,4,2,6,5,3],[1,7,4,2,6,3,5],[1,7,4,2,3,6,5],[1,7,3,6,4,2,5],[1,7,3,6,2,4,5],[1,7,3,4,6,2,5],[1,7,3,4,2,6,5],[1,7,3,2,6,4,5],[1,7,3,2,4,6,5],[1,7,2,6,4,5,3],[1,7,2,6,4,3,5],[1,7,2,6,3,4,5],[1,7,2,4,6,5,3],[1,7,2,4,6,3,5],[1,7,2,4,3,6,5],[1,7,2,3,6,4,5],[1,7,2,3,4,6,5],[1,4,7,6,3,2,5],[1,4,7,6,2,5,3],[1,4,7,6,2,3,5],[1,4,7,3,6,2,5],[1,4,7,3,2,6,5],[1,4,7,2,6,5,3],[1,4,7,2,6,3,5],[1,4,7,2,3,6,5],[1,4,3,7,6,2,5],[1,4,3,7,2,6,5],[1,4,3,2,7,6,5],[1,4,2,7,6,5,3],[1,4,2,7,6,3,5],[1,4,2,7,3,6,5],[1,4,2,3,7,6,5],[1,3,7,6,4,2,5],[1,3,7,6,2,4,5],[1,3,7,4,6,2,5],[1,3,7,4,2,6,5],[1,3,7,2,6,4,5],[1,3,7,2,4,6,5],[1,3,4,7,6,2,5],[1,3,4,7,2,6,5],[1,3,4,2,7,6,5],[1,3,2,7,6,4,5],[1,3,2,7,4,6,5],[1,3,2,4,7,6,5],[1,2,7,6,4,5,3],[1,2,7,6,4,3,5],[1,2,7,6,3,4,5],[1,2,7,4,6,5,3],[1,2,7,4,6,3,5],[1,2,7,4,3,6,5],[1,2,7,3,6,4,5],[1,2,7,3,4,6,5],[1,2,4,7,6,5,3],[1,2,4,7,6,3,5],[1,2,4,7,3,6,5],[1,2,4,3,7,6,5],[1,2,3,7,6,4,5],[1,2,3,7,4,6,5],[1,2,3,4,7,6,5]],"extra":{"r":0.98366402116402119,"rtransformed":0.0056157084553902581},"type":"empirical"}