{"D":[[0,14,14,9,17,0,7],[3,0,0,0,16,6,4],[20,0,0,17,1,0,10],[14,0,10,0,8,0,0],[10,2,19,3,0,20,19],[0,16,0,0,8,0,18],[1,16,16,0,13,2,0]],"k":333,"P":[[4,1,5,6,7,3,2],[4,1,5,6,7,2,3]],"extra":{"r":0.99968537414965986,"rtransformed":0.1038599283724632},"type":"empirical"}