{"D":[[0,0,12,10,7,0,0],[0,0,0,7,0,0,15],[18,0,0,16,17,11,4],[4,14,7,0,9,0,0],[2,0,7,17,0,0,14],[0,0,3,0,0,0,0],[0,4,16,0,19,0,0]],"k":326,"P":[[2,7,3,6,1,5,4],[2,7,3,1,6,5,4],[2,7,3,1,5,6,4],[2,7,3,1,5,4,6]],"extra":{"r":0.99935155348689186,"rtransformed":0.071296798697775346},"type":"empirical"}