{"D":[[0,0,1,0,0,1,0],[0,0,1,0,0,1,1],[1,1,0,1,1,1,0],[0,1,0,0,0,1,1],[0,0,0,1,0,1,1],[1,1,0,1,1,0,0],[0,0,1,1,1,0,0]],"k":16,"P":[[7,3,6,5,4,2,1],[7,3,6,5,4,1,2],[7,3,6,5,1,4,2],[7,3,6,1,5,4,2],[7,3,5,6,4,2,1],[7,3,5,6,4,1,2],[7,3,5,6,1,4,2],[7,3,5,4,6,2,1],[7,3,5,4,6,1,2],[7,3,5,4,2,6,1],[7,3,5,4,2,1,6],[7,3,5,4,1,6,2],[7,3,5,4,1,2,6],[7,3,5,1,6,4,2],[7,3,5,1,4,6,2],[7,3,5,1,4,2,6],[7,3,1,6,5,4,2],[7,3,1,5,6,4,2],[7,3,1,5,4,6,2],[7,3,1,5,4,2,6],[7,1,3,6,5,4,2],[7,1,3,5,6,4,2],[7,1,3,5,4,6,2],[7,1,3,5,4,2,6],[3,6,5,4,2,7,1],[3,6,5,4,2,1,7],[3,6,5,4,1,2,7],[3,6,5,1,4,2,7],[3,6,1,5,4,2,7],[3,5,6,4,2,7,1],[3,5,6,4,2,1,7],[3,5,6,4,1,2,7],[3,5,6,1,4,2,7],[3,5,4,6,2,7,1],[3,5,4,6,2,1,7],[3,5,4,6,1,2,7],[3,5,4,2,7,6,1],[3,5,4,2,7,1,6],[3,5,4,2,6,7,1],[3,5,4,2,6,1,7],[3,5,4,2,1,7,6],[3,5,4,2,1,6,7],[3,5,4,1,6,2,7],[3,5,4,1,2,7,6],[3,5,4,1,2,6,7],[3,5,1,6,4,2,7],[3,5,1,4,6,2,7],[3,5,1,4,2,7,6],[3,5,1,4,2,6,7],[3,1,6,5,4,2,7],[3,1,5,6,4,2,7],[3,1,5,4,6,2,7],[3,1,5,4,2,7,6],[3,1,5,4,2,6,7],[2,7,3,6,5,4,1],[2,7,3,6,5,1,4],[2,7,3,6,1,5,4],[2,7,3,5,6,4,1],[2,7,3,5,6,1,4],[2,7,3,5,4,6,1],[2,7,3,5,4,1,6],[2,7,3,5,1,6,4],[2,7,3,5,1,4,6],[2,7,3,1,6,5,4],[2,7,3,1,5,6,4],[2,7,3,1,5,4,6],[2,7,1,3,6,5,4],[2,7,1,3,5,6,4],[2,7,1,3,5,4,6],[2,1,7,3,6,5,4],[2,1,7,3,5,6,4],[2,1,7,3,5,4,6],[1,7,3,6,5,4,2],[1,7,3,5,6,4,2],[1,7,3,5,4,6,2],[1,7,3,5,4,2,6],[1,3,6,5,4,2,7],[1,3,5,6,4,2,7],[1,3,5,4,6,2,7],[1,3,5,4,2,7,6],[1,3,5,4,2,6,7],[1,2,7,3,6,5,4],[1,2,7,3,5,6,4],[1,2,7,3,5,4,6]],"extra":{"r":0.98730158730158735,"rtransformed":0.0060759493670884349},"type":"empirical"}