{"D":[[0,0,0,0,1,1,1],[1,0,0,0,1,0,1],[0,0,0,1,1,0,0],[0,0,1,0,0,1,1],[0,1,0,1,0,1,1],[1,0,0,0,0,0,0],[0,0,0,0,0,1,0]],"k":10,"P":[[3,2,1,5,4,7,6],[2,3,1,5,4,7,6],[2,1,3,5,4,7,6]],"extra":{"r":0.99971655328798181,"rtransformed":0.17718120805369128},"type":"empirical"}