{"D":[[0,1,1,0,0,0,1],[1,0,0,1,1,0,1],[0,0,0,1,0,0,1],[1,0,0,0,1,0,0],[1,0,1,1,0,0,1],[1,0,1,1,1,0,0],[1,0,0,1,0,1,0]],"k":9,"P":[[6,2,5,3,7,4,1],[6,2,5,1,3,7,4],[2,6,5,3,7,4,1],[2,6,5,1,3,7,4]],"extra":{"r":0.99965986394557826,"rtransformed":0.39926062846580396},"type":"empirical"}