{"D":[[0,16,0,0,0,14,0],[2,0,1,0,0,0,12],[0,18,0,0,6,0,0],[0,0,0,0,15,0,0],[0,0,15,2,0,0,17],[2,0,0,0,0,0,3],[0,5,0,0,4,18,0]],"k":278,"P":[[4,5,3,1,2,7,6],[4,5,1,3,2,7,6],[4,1,5,3,2,7,6],[1,4,5,3,2,7,6]],"extra":{"r":0.99941630973377,"rtransformed":0.082014270483064047},"type":"empirical"}