{"D":[[0,1,0,0,0,0,0],[0,0,1,0,1,0,1],[1,0,0,0,0,1,0],[0,1,1,0,0,1,1],[1,1,1,1,0,1,1],[1,1,1,1,0,0,0],[1,0,1,0,1,0,0]],"k":8,"P":[[5,6,4,2,7,3,1],[5,4,6,2,7,3,1]],"extra":{"r":0.999848828420257,"rtransformed":0.31914893617021278},"type":"empirical"}