{"D":[[0,1,1,0,0,0,0],[0,0,0,0,1,1,1],[1,0,0,1,0,1,1],[0,1,1,0,0,0,0],[0,1,1,0,0,1,0],[1,0,0,0,1,0,1],[0,1,0,1,0,0,0]],"k":14,"P":[[5,3,6,7,4,1,2],[5,3,6,7,1,4,2],[5,3,6,1,7,4,2]],"extra":{"r":0.9996031746031746,"rtransformed":0.38585209003215432},"type":"empirical"}