{"D":[[0,1,1,1,0,1,1],[1,0,0,0,1,0,0],[0,0,0,1,1,1,0],[1,1,1,0,0,1,0],[1,0,0,1,0,0,0],[1,0,1,0,0,0,1],[0,0,1,1,1,0,0]],"k":15,"P":[[6,2,1,7,3,5,4],[6,1,7,4,3,2,5],[6,1,7,4,2,3,5],[6,1,7,3,5,4,2],[6,1,7,3,4,2,5],[6,1,7,3,2,5,4],[6,1,7,2,3,5,4],[6,1,2,7,3,5,4],[4,6,2,1,7,3,5],[4,6,1,7,3,2,5],[4,6,1,7,2,3,5],[4,6,1,2,7,3,5],[4,2,6,1,7,3,5],[4,2,1,6,7,3,5],[4,1,6,7,3,2,5],[4,1,6,7,2,3,5],[4,1,6,2,7,3,5],[4,1,2,6,7,3,5],[2,6,1,7,3,5,4],[2,1,7,3,5,4,6],[2,1,6,7,3,5,4],[1,7,4,6,3,2,5],[1,7,4,6,2,3,5],[1,7,4,3,6,2,5],[1,7,4,3,2,6,5],[1,7,4,3,2,5,6],[1,7,4,2,6,3,5],[1,7,4,2,3,6,5],[1,7,4,2,3,5,6],[1,7,3,5,4,6,2],[1,7,3,5,4,2,6],[1,7,3,4,6,2,5],[1,7,3,4,2,6,5],[1,7,3,4,2,5,6],[1,7,3,2,5,4,6],[1,7,2,3,5,4,6],[1,6,7,4,3,2,5],[1,6,7,4,2,3,5],[1,6,7,3,5,4,2],[1,6,7,3,4,2,5],[1,6,7,3,2,5,4],[1,6,7,2,3,5,4],[1,6,2,7,3,5,4],[1,4,6,7,3,2,5],[1,4,6,7,2,3,5],[1,4,6,2,7,3,5],[1,4,2,6,7,3,5],[1,2,7,3,5,4,6],[1,2,6,7,3,5,4]],"extra":{"r":0.99305555555555558,"rtransformed":0.010889100061251289},"type":"empirical"}