{"D":[[0,0,0,0,15,12,0],[0,0,0,7,19,16,11],[0,0,0,13,0,7,0],[0,15,3,0,2,4,13],[2,1,0,12,0,2,0],[3,1,2,15,7,0,0],[0,2,0,5,0,0,0]],"k":294,"P":[[3,2,1,6,5,4,7],[3,1,2,6,5,4,7],[2,3,1,6,5,4,7],[2,1,3,6,5,4,7],[1,3,2,6,5,4,7],[1,2,3,6,5,4,7]],"extra":{"r":0.99912280701754386,"rtransformed":0.044366697089544667},"type":"empirical"}