{"D":[[0,1,0,0,1,0,1],[0,0,0,0,0,0,1],[1,1,0,0,0,1,1],[0,1,1,0,1,0,1],[0,1,0,0,0,1,0],[1,1,0,0,0,0,0],[0,0,1,0,0,1,0]],"k":9,"P":[[4,5,3,6,1,2,7],[4,3,6,1,5,2,7],[4,3,5,6,1,2,7],[4,3,1,7,5,6,2],[4,3,1,5,7,6,2],[4,3,1,5,6,2,7],[4,3,1,5,2,7,6]],"extra":{"r":0.99940476190476191,"rtransformed":0.14844340595148098},"type":"empirical"}