{"D":[[0,5,0,0,16,0,14],[12,0,0,0,0,0,16],[0,0,0,10,0,1,6],[0,0,20,0,2,13,14],[4,0,0,13,0,12,11],[0,0,6,2,7,0,8],[1,2,1,2,6,15,0]],"k":313,"P":[[2,1,5,4,7,6,3],[2,1,5,4,3,7,6]],"extra":{"r":0.99970427059712774,"rtransformed":0.16736183524504691},"type":"empirical"}