{"D":[[0,1,0,1,0,0,0],[1,0,1,1,0,1,0],[0,0,0,1,1,0,0],[1,1,0,0,1,0,0],[1,1,0,1,0,1,0],[1,0,0,1,0,0,1],[1,1,0,1,1,1,0]],"k":10,"P":[[7,5,2,6,3,4,1],[7,5,2,6,3,1,4],[7,5,2,6,1,3,4],[7,5,2,3,6,4,1],[7,5,2,3,6,1,4],[7,3,5,2,6,4,1],[7,3,5,2,6,1,4],[7,2,3,5,6,4,1],[7,2,3,5,6,1,4],[3,7,5,2,6,4,1],[3,7,5,2,6,1,4]],"extra":{"r":0.9989606953892668,"rtransformed":0.09641933645965732},"type":"empirical"}