{"D":[[0,0,0,17,0,3,1],[0,0,4,14,0,0,4],[0,14,0,3,15,0,15],[10,8,10,0,15,5,0],[0,0,9,4,0,18,0],[19,0,0,12,1,0,10],[9,12,1,0,0,18,0]],"k":310,"P":[[3,7,5,6,2,1,4],[3,7,5,6,1,2,4],[3,7,5,2,6,1,4],[3,7,2,5,6,1,4],[3,5,7,6,2,1,4],[3,5,7,6,1,2,4],[3,5,7,2,6,1,4]],"extra":{"r":0.99892091339459765,"rtransformed":0.051006194291572667},"type":"empirical"}