{"D":[[0,1,1,0,1,1,0],[0,0,1,0,0,1,1],[1,0,0,0,1,1,1],[0,0,0,0,1,0,1],[1,1,1,1,0,0,0],[1,1,1,0,1,0,0],[0,0,1,1,0,0,0]],"k":16,"P":[[6,5,4,1,2,7,3],[6,5,4,1,2,3,7],[6,5,1,4,2,7,3],[6,5,1,4,2,3,7],[6,5,1,2,7,4,3],[6,5,1,2,7,3,4],[6,5,1,2,4,7,3],[6,5,1,2,4,3,7],[6,5,1,2,3,7,4],[6,5,1,2,3,4,7],[6,4,5,1,2,7,3],[6,4,5,1,2,3,7],[6,4,1,5,2,7,3],[6,4,1,5,2,3,7],[6,1,5,4,2,7,3],[6,1,5,4,2,3,7],[6,1,5,2,7,4,3],[6,1,5,2,7,3,4],[6,1,5,2,4,7,3],[6,1,5,2,4,3,7],[6,1,5,2,3,7,4],[6,1,5,2,3,4,7],[6,1,4,5,2,7,3],[6,1,4,5,2,3,7],[4,6,5,1,2,7,3],[4,6,5,1,2,3,7],[4,6,1,5,2,7,3],[4,6,1,5,2,3,7],[4,1,6,5,2,7,3],[4,1,6,5,2,3,7],[1,6,5,4,2,7,3],[1,6,5,4,2,3,7],[1,6,5,2,7,4,3],[1,6,5,2,7,3,4],[1,6,5,2,4,7,3],[1,6,5,2,4,3,7],[1,6,5,2,3,7,4],[1,6,5,2,3,4,7],[1,6,4,5,2,7,3],[1,6,4,5,2,3,7],[1,4,6,5,2,7,3],[1,4,6,5,2,3,7]],"extra":{"r":0.99365079365079367,"rtransformed":0.012859826841908964},"type":"empirical"}