{"D":[[0,0,1,0,1,1,1],[1,0,1,1,0,1,1],[1,1,0,0,0,1,0],[0,0,0,0,1,0,0],[1,0,1,1,0,1,1],[0,1,1,0,1,0,1],[0,0,1,0,1,1,0]],"k":14,"P":[[5,2,4,1,7,6,3],[5,2,4,1,7,3,6],[5,2,4,1,6,7,3],[5,2,1,7,6,4,3],[5,2,1,7,6,3,4],[5,2,1,7,4,6,3],[5,2,1,7,4,3,6],[5,2,1,7,3,6,4],[5,2,1,7,3,4,6],[5,2,1,6,7,4,3],[5,2,1,6,7,3,4],[5,2,1,6,4,7,3],[5,2,1,4,7,6,3],[5,2,1,4,7,3,6],[5,2,1,4,6,7,3],[2,5,4,1,7,6,3],[2,5,4,1,7,3,6],[2,5,4,1,6,7,3],[2,5,1,7,6,4,3],[2,5,1,7,6,3,4],[2,5,1,7,4,6,3],[2,5,1,7,4,3,6],[2,5,1,7,3,6,4],[2,5,1,7,3,4,6],[2,5,1,6,7,4,3],[2,5,1,6,7,3,4],[2,5,1,6,4,7,3],[2,5,1,4,7,6,3],[2,5,1,4,7,3,6],[2,5,1,4,6,7,3],[2,4,5,1,7,6,3],[2,4,5,1,7,3,6],[2,4,5,1,6,7,3],[2,4,1,7,6,5,3],[2,4,1,7,5,6,3],[2,4,1,7,5,3,6],[2,4,1,6,7,5,3],[2,4,1,6,5,7,3],[2,4,1,5,7,6,3],[2,4,1,5,7,3,6],[2,4,1,5,6,7,3],[2,1,7,6,5,4,3],[2,1,7,6,5,3,4],[2,1,7,6,4,5,3],[2,1,7,5,6,4,3],[2,1,7,5,6,3,4],[2,1,7,5,4,6,3],[2,1,7,5,4,3,6],[2,1,7,5,3,6,4],[2,1,7,5,3,4,6],[2,1,7,4,6,5,3],[2,1,7,4,5,6,3],[2,1,7,4,5,3,6],[2,1,6,7,5,4,3],[2,1,6,7,5,3,4],[2,1,6,7,4,5,3],[2,1,6,5,7,4,3],[2,1,6,5,7,3,4],[2,1,6,5,4,7,3],[2,1,6,4,7,5,3],[2,1,6,4,5,7,3],[2,1,5,7,6,4,3],[2,1,5,7,6,3,4],[2,1,5,7,4,6,3],[2,1,5,7,4,3,6],[2,1,5,7,3,6,4],[2,1,5,7,3,4,6],[2,1,5,6,7,4,3],[2,1,5,6,7,3,4],[2,1,5,6,4,7,3],[2,1,5,4,7,6,3],[2,1,5,4,7,3,6],[2,1,5,4,6,7,3],[2,1,4,7,6,5,3],[2,1,4,7,5,6,3],[2,1,4,7,5,3,6],[2,1,4,6,7,5,3],[2,1,4,6,5,7,3],[2,1,4,5,7,6,3],[2,1,4,5,7,3,6],[2,1,4,5,6,7,3]],"extra":{"r":0.98928571428571432,"rtransformed":0.0082790390992403887},"type":"empirical"}