{"D":[[0,0,1,0,1,1,0],[0,0,0,1,0,1,0],[1,1,0,0,0,0,0],[1,0,1,0,1,1,0],[1,1,1,0,0,0,0],[0,1,0,0,0,0,1],[0,1,1,0,0,0,0]],"k":11,"P":[[4,5,1,6,7,3,2],[4,1,6,7,5,3,2],[4,1,6,5,7,3,2],[4,1,5,6,7,3,2]],"extra":{"r":0.99958427815570672,"rtransformed":0.16844469399213927},"type":"empirical"}