{"D":[[0,0,1,1,1,0,0],[1,0,1,1,0,0,1],[1,0,0,1,0,0,0],[1,1,0,0,0,0,1],[1,1,0,1,0,1,1],[0,1,0,1,1,0,0],[1,1,1,0,0,0,0]],"k":12,"P":[[6,5,7,2,3,4,1],[6,5,7,2,3,1,4],[6,5,7,2,1,3,4],[6,5,4,7,2,3,1],[6,5,4,7,2,1,3],[6,5,4,2,7,3,1],[6,5,4,2,7,1,3],[6,5,2,7,3,4,1],[6,5,2,7,3,1,4],[6,5,2,7,1,3,4],[6,5,2,4,7,3,1],[6,5,2,4,7,1,3],[6,5,2,3,4,7,1],[5,7,6,2,3,4,1],[5,7,6,2,3,1,4],[5,7,6,2,1,3,4],[5,6,7,2,3,4,1],[5,6,7,2,3,1,4],[5,6,7,2,1,3,4],[5,6,4,7,2,3,1],[5,6,4,7,2,1,3],[5,6,4,2,7,3,1],[5,6,4,2,7,1,3],[5,6,2,7,3,4,1],[5,6,2,7,3,1,4],[5,6,2,7,1,3,4],[5,6,2,4,7,3,1],[5,6,2,4,7,1,3],[5,6,2,3,4,7,1]],"extra":{"r":0.99671201814058952,"rtransformed":0.035248945678856974},"type":"empirical"}