{"D":[[0,1,1,0,0,0,1],[1,0,0,0,1,1,0],[1,1,0,1,1,0,0],[1,0,0,0,0,0,1],[0,1,1,0,0,1,1],[0,0,0,0,0,0,1],[1,1,0,0,0,0,0]],"k":14,"P":[[5,6,3,4,7,2,1],[5,6,3,4,7,1,2],[5,6,3,4,1,7,2],[5,3,6,4,7,2,1],[5,3,6,4,7,1,2],[5,3,6,4,1,7,2],[5,3,4,7,2,6,1],[5,3,4,7,2,1,6],[5,3,4,7,1,2,6],[5,3,4,6,7,2,1],[5,3,4,6,7,1,2],[5,3,4,6,1,7,2],[5,3,4,2,6,7,1],[5,3,4,2,6,1,7],[5,3,4,2,1,6,7],[5,3,4,1,7,2,6],[5,3,4,1,6,7,2],[5,3,4,1,2,6,7],[5,3,2,6,4,7,1],[5,3,2,6,4,1,7],[5,3,2,4,6,7,1],[5,3,2,4,6,1,7],[5,3,2,4,1,6,7],[3,5,6,4,7,2,1],[3,5,6,4,7,1,2],[3,5,6,4,1,7,2],[3,5,4,7,2,6,1],[3,5,4,7,2,1,6],[3,5,4,7,1,2,6],[3,5,4,6,7,2,1],[3,5,4,6,7,1,2],[3,5,4,6,1,7,2],[3,5,4,2,6,7,1],[3,5,4,2,6,1,7],[3,5,4,2,1,6,7],[3,5,4,1,7,2,6],[3,5,4,1,6,7,2],[3,5,4,1,2,6,7],[3,5,2,6,4,7,1],[3,5,2,6,4,1,7],[3,5,2,4,6,7,1],[3,5,2,4,6,1,7],[3,5,2,4,1,6,7],[3,4,5,7,2,6,1],[3,4,5,7,2,1,6],[3,4,5,7,1,2,6],[3,4,5,6,7,2,1],[3,4,5,6,7,1,2],[3,4,5,6,1,7,2],[3,4,5,2,6,7,1],[3,4,5,2,6,1,7],[3,4,5,2,1,6,7],[3,4,5,1,7,2,6],[3,4,5,1,6,7,2],[3,4,5,1,2,6,7],[3,4,2,5,6,7,1],[3,4,2,5,6,1,7],[3,4,2,5,1,6,7],[3,4,2,1,5,6,7],[3,4,1,5,7,2,6],[3,4,1,5,6,7,2],[3,4,1,5,2,6,7],[3,4,1,2,5,6,7],[3,2,5,6,4,7,1],[3,2,5,6,4,1,7],[3,2,5,4,6,7,1],[3,2,5,4,6,1,7],[3,2,5,4,1,6,7],[3,2,4,5,6,7,1],[3,2,4,5,6,1,7],[3,2,4,5,1,6,7],[3,2,4,1,5,6,7]],"extra":{"r":0.99047619047619051,"rtransformed":0.0088199227325078729},"type":"empirical"}