{"D":[[0,0,20,0,16,1,17],[0,0,1,0,0,15,16],[12,10,0,3,0,10,12],[0,0,18,0,18,0,4],[9,0,0,2,0,0,0],[19,8,2,0,0,0,18],[11,7,5,10,0,12,0]],"k":326,"P":[[4,3,2,6,1,7,5],[4,3,2,6,1,5,7]],"extra":{"r":0.99969198790627367,"rtransformed":0.11538461538461539},"type":"empirical"}