{"D":[[0,0,0,5,0,9,17],[0,0,0,5,13,0,11],[0,0,0,0,0,14,9],[11,18,0,0,18,0,0],[0,8,0,11,0,0,0],[19,0,2,0,0,0,13],[12,1,4,0,0,5,0]],"k":318,"P":[[4,3,6,2,5,1,7],[4,3,6,2,1,7,5],[4,3,6,2,1,5,7],[4,3,6,1,2,7,5],[4,3,6,1,2,5,7],[4,3,2,6,5,1,7],[4,3,2,6,1,7,5],[4,3,2,6,1,5,7],[4,3,2,5,6,1,7],[4,2,5,3,6,1,7],[4,2,3,6,5,1,7],[4,2,3,6,1,7,5],[4,2,3,6,1,5,7],[4,2,3,5,6,1,7],[3,6,4,2,5,1,7],[3,6,4,2,1,7,5],[3,6,4,2,1,5,7],[3,6,4,1,2,7,5],[3,6,4,1,2,5,7],[3,4,6,2,5,1,7],[3,4,6,2,1,7,5],[3,4,6,2,1,5,7],[3,4,6,1,2,7,5],[3,4,6,1,2,5,7],[3,4,2,6,5,1,7],[3,4,2,6,1,7,5],[3,4,2,6,1,5,7],[3,4,2,5,6,1,7]],"extra":{"r":0.99557226399331666,"rtransformed":0.012562282479225112},"type":"empirical"}