{"D":[[0,13,12,16,16,0,13],[5,0,0,1,0,9,0],[17,0,0,8,5,13,0],[1,10,18,0,1,17,10],[8,0,18,15,0,10,16],[0,0,3,2,0,0,12],[3,0,0,16,1,6,0]],"k":237,"P":[[1,5,7,4,3,2,6],[1,5,7,4,2,3,6],[1,5,4,3,2,6,7],[1,5,4,2,3,6,7]],"extra":{"r":0.99950239355001258,"rtransformed":0.11192252738529926},"type":"empirical"}