{"D":[[0,1,1,0,0,1,0],[1,0,1,0,1,1,0],[1,0,0,0,1,0,1],[0,1,1,0,1,1,1],[1,0,0,1,0,0,0],[1,1,0,1,0,0,0],[0,1,1,0,1,0,0]],"k":12,"P":[[6,4,7,2,3,5,1],[4,7,6,2,3,5,1],[4,7,2,6,3,5,1],[4,7,2,3,6,5,1],[4,7,2,3,5,6,1],[4,7,2,3,5,1,6],[4,6,7,2,3,5,1]],"extra":{"r":0.99920634920634921,"rtransformed":0.10778443113772453},"type":"empirical"}