{"D":[[0,0,19,1,8,11,19],[0,0,14,0,4,17,0],[3,4,0,0,8,0,11],[8,0,0,0,1,9,19],[14,12,16,10,0,17,0],[4,5,0,14,7,0,19],[13,0,19,8,0,10,0]],"k":277,"P":[[5,4,2,1,6,7,3],[5,4,1,2,6,7,3],[5,2,4,1,6,7,3]],"extra":{"r":0.99958676453037354,"rtransformed":0.10550819057777265},"type":"empirical"}