{"D":[[0,0,0,16,0,0,3],[0,0,18,18,12,0,0],[0,11,0,19,0,14,0],[3,10,9,0,11,0,0],[0,7,0,5,0,0,17],[0,0,8,0,0,0,0],[19,0,0,0,9,0,0]],"k":332,"P":[[2,5,7,3,6,1,4],[2,5,7,3,1,6,4],[2,5,7,3,1,4,6],[2,5,7,1,3,6,4],[2,5,7,1,3,4,6],[2,5,3,7,6,1,4],[2,5,3,7,1,6,4],[2,5,3,7,1,4,6],[2,5,3,6,7,1,4],[2,3,6,5,7,1,4],[2,3,5,7,6,1,4],[2,3,5,7,1,6,4],[2,3,5,7,1,4,6],[2,3,5,6,7,1,4]],"extra":{"r":0.99768866610971874,"rtransformed":0.023989798138656079},"type":"empirical"}