{"D":[[0,12,14,0,0,14,0],[1,0,0,7,19,0,0],[7,0,0,0,0,12,8],[0,1,0,0,19,0,2],[0,7,0,10,0,0,5],[5,0,17,0,13,0,5],[0,0,3,7,12,19,0]],"k":306,"P":[[7,1,6,3,2,4,5],[7,1,6,2,4,5,3],[7,1,6,2,4,3,5],[7,1,6,2,3,4,5],[7,1,2,6,4,5,3],[7,1,2,6,4,3,5],[7,1,2,6,3,4,5],[7,1,2,4,6,5,3],[7,1,2,4,6,3,5],[1,7,6,3,2,4,5],[1,7,6,2,4,5,3],[1,7,6,2,4,3,5],[1,7,6,2,3,4,5],[1,7,2,6,4,5,3],[1,7,2,6,4,3,5],[1,7,2,6,3,4,5],[1,7,2,4,6,5,3],[1,7,2,4,6,3,5],[1,3,7,6,2,4,5],[1,3,7,2,6,4,5],[1,3,7,2,4,6,5],[1,3,2,7,6,4,5],[1,3,2,7,4,6,5],[1,2,7,6,4,5,3],[1,2,7,6,4,3,5],[1,2,7,6,3,4,5],[1,2,7,4,6,5,3],[1,2,7,4,6,3,5],[1,2,3,7,6,4,5],[1,2,3,7,4,6,5]],"extra":{"r":0.99543501611170782,"rtransformed":0.014106453951127786},"type":"empirical"}