{"D":[[0,15,0,16,0,0,0],[9,0,7,14,0,16,5],[0,1,0,10,8,0,0],[11,7,18,0,0,0,0],[0,0,17,0,0,0,0],[0,8,0,0,0,0,0],[0,19,0,0,0,0,0]],"k":336,"P":[[7,5,1,2,6,4,3],[7,5,1,2,4,6,3],[7,5,1,2,4,3,6],[7,1,5,2,6,4,3],[7,1,5,2,4,6,3],[7,1,5,2,4,3,6],[7,1,2,6,5,4,3],[7,1,2,6,4,5,3],[7,1,2,5,6,4,3],[7,1,2,5,4,6,3],[7,1,2,5,4,3,6],[7,1,2,4,6,5,3],[7,1,2,4,5,6,3],[7,1,2,4,5,3,6],[5,7,1,2,6,4,3],[5,7,1,2,4,6,3],[5,7,1,2,4,3,6],[5,1,7,2,6,4,3],[5,1,7,2,4,6,3],[5,1,7,2,4,3,6],[1,7,5,2,6,4,3],[1,7,5,2,4,6,3],[1,7,5,2,4,3,6],[1,7,2,6,5,4,3],[1,7,2,6,4,5,3],[1,7,2,5,6,4,3],[1,7,2,5,4,6,3],[1,7,2,5,4,3,6],[1,7,2,4,6,5,3],[1,7,2,4,5,6,3],[1,7,2,4,5,3,6],[1,5,7,2,6,4,3],[1,5,7,2,4,6,3],[1,5,7,2,4,3,6]],"extra":{"r":0.99431913116123638,"rtransformed":0.0081497648988175311},"type":"empirical"}