{"D":[[0,1,0,1,1,0,1],[1,0,0,0,0,0,0],[1,1,0,0,1,0,1],[1,1,0,0,1,1,0],[0,1,0,0,0,1,0],[1,1,0,0,0,0,0],[0,0,1,1,1,0,0]],"k":9,"P":[3,1,7,4,5,6,2],"extra":{"r":0.99991496598639451,"rtransformed":0.5714285714285714},"type":"empirical"}