{"D":[[0,1,1,1,1,0,1],[0,0,1,0,1,0,1],[1,1,0,0,0,1,0],[0,0,1,0,0,1,0],[0,1,1,1,0,0,1],[0,0,0,0,0,0,1],[0,1,0,1,0,0,0]],"k":11,"P":[[1,5,7,4,3,6,2],[1,5,7,4,3,2,6],[1,5,7,4,2,3,6],[1,5,7,2,4,3,6],[1,5,4,3,6,7,2],[1,5,4,3,6,2,7],[1,5,4,3,2,6,7],[1,5,4,2,3,6,7],[1,5,2,7,4,3,6],[1,5,2,4,3,6,7],[1,2,5,7,4,3,6],[1,2,5,4,3,6,7]],"extra":{"r":0.99875283446712015,"rtransformed":0.06703706337033917},"type":"empirical"}