{"D":[[0,0,0,16,16,11,0],[0,0,0,0,0,9,0],[0,0,0,19,2,18,0],[0,0,6,0,0,10,0],[9,0,11,0,0,19,14],[6,14,13,2,6,0,1],[0,0,0,0,9,19,0]],"k":295,"P":[[1,5,7,3,4,6,2],[1,5,3,7,4,6,2],[1,5,3,4,7,6,2]],"extra":{"r":0.99955991168397185,"rtransformed":0.11617299350250404},"type":"empirical"}