{"D":[[0,0,0,2,0,18,7],[0,0,5,12,3,0,9],[0,15,0,9,9,0,6],[11,1,15,0,13,15,0],[0,19,20,5,0,0,0],[7,0,0,2,0,0,19],[2,19,15,0,0,0,0]],"k":304,"P":[[4,5,1,6,7,3,2],[4,1,6,7,5,3,2],[4,1,6,5,7,3,2],[4,1,5,6,7,3,2]],"extra":{"r":0.99942554799697658,"rtransformed":0.09769792251544078},"type":"empirical"}