{"D":[[0,1,1,1,0,0,0],[0,0,1,0,1,0,0],[0,0,0,1,0,0,1],[0,0,1,0,0,1,1],[1,1,0,0,0,1,1],[1,0,0,1,1,0,0],[0,0,1,1,0,1,0]],"k":13,"P":[[5,7,6,1,4,2,3],[5,7,6,1,2,4,3],[5,7,6,1,2,3,4]],"extra":{"r":0.99963151927437643,"rtransformed":0.12885906040268455},"type":"empirical"}