{"D":[[0,5,7,10,0,13,0],[0,0,1,17,10,0,6],[14,12,0,0,0,15,0],[19,6,0,0,20,0,0],[0,16,0,5,0,0,10],[2,0,2,0,0,0,11],[0,16,18,0,3,17,0]],"k":313,"P":[[4,5,7,3,1,6,2],[4,5,7,3,1,2,6]],"extra":{"r":0.99970427059712774,"rtransformed":0.20590121872995507},"type":"empirical"}