{"D":[[0,0,11,4,10,11,20],[0,0,8,10,0,9,2],[2,18,0,0,0,2,13],[9,4,0,0,0,6,12],[4,0,0,0,0,0,0],[18,1,10,14,0,0,7],[6,13,0,1,0,19,0]],"k":344,"P":[[6,4,1,5,3,7,2],[6,4,1,3,7,5,2],[6,4,1,3,7,2,5],[6,4,1,3,5,7,2]],"extra":{"r":0.999349962207105,"rtransformed":0.067810052542876975},"type":"empirical"}