{"D":[[0,0,0,5,0,16,0],[0,0,8,6,2,0,11],[0,18,0,8,0,0,5],[17,12,15,0,15,6,14],[0,12,0,8,0,10,5],[9,0,0,12,15,0,9],[0,1,12,3,14,17,0]],"k":295,"P":[[4,7,3,1,6,5,2],[4,7,1,6,5,3,2],[4,7,1,6,3,5,2],[4,7,1,3,6,5,2],[4,1,7,6,5,3,2],[4,1,7,6,3,5,2],[4,1,7,3,6,5,2]],"extra":{"r":0.99891607877718991,"rtransformed":0.049074676284514861},"type":"empirical"}