{"D":[[0,0,0,1,0,0,0],[0,0,0,1,0,1,0],[0,1,0,0,1,1,1],[0,0,1,0,1,0,1],[0,0,0,0,0,1,1],[1,1,1,1,0,0,1],[0,1,0,1,1,1,0]],"k":14,"P":[[6,3,7,2,1,4,5],[6,3,7,1,2,4,5],[6,3,1,7,2,4,5],[6,1,4,3,7,5,2],[6,1,4,3,7,2,5],[6,1,4,3,5,7,2],[6,1,3,7,2,4,5],[3,7,6,2,1,4,5],[3,7,6,1,2,4,5],[3,7,5,6,2,1,4],[3,7,5,6,1,2,4],[3,7,5,2,6,1,4],[3,7,2,6,1,4,5],[3,7,2,5,6,1,4],[3,6,7,2,1,4,5],[3,6,7,1,2,4,5],[3,6,1,7,2,4,5],[3,5,7,6,2,1,4],[3,5,7,6,1,2,4],[3,5,7,2,6,1,4],[3,5,6,7,2,1,4],[3,5,6,7,1,2,4],[3,5,6,1,7,2,4]],"extra":{"r":0.99695767195767193,"rtransformed":0.0271213504319163},"type":"empirical"}