{"D":[[0,0,0,1,1,0,1],[1,0,1,0,1,1,1],[0,1,0,1,1,1,1],[1,1,0,0,0,0,0],[1,0,1,1,0,0,1],[1,0,0,1,0,0,0],[1,0,1,1,0,1,0]],"k":10,"P":[[3,2,5,7,6,4,1],[3,2,5,7,6,1,4],[2,5,7,3,6,4,1],[2,5,7,3,6,1,4],[2,5,3,7,6,4,1],[2,5,3,7,6,1,4],[2,3,5,7,6,4,1],[2,3,5,7,6,1,4]],"extra":{"r":0.999244142101285,"rtransformed":0.1019372490181369},"type":"empirical"}