{"D":[[0,0,0,1,0,0,1],[1,0,0,0,1,0,1],[0,0,0,0,1,0,0],[1,0,0,0,0,1,1],[1,0,1,1,0,1,1],[0,0,1,1,1,0,1],[1,0,0,0,0,1,0]],"k":13,"P":[[6,3,2,5,4,7,1],[6,3,2,5,4,1,7],[6,3,2,5,1,4,7],[6,2,5,4,7,3,1],[6,2,5,4,7,1,3],[6,2,5,4,3,7,1],[6,2,5,4,3,1,7],[6,2,5,4,1,7,3],[6,2,5,4,1,3,7],[6,2,5,3,4,7,1],[6,2,5,3,4,1,7],[6,2,5,3,1,4,7],[6,2,5,1,4,7,3],[6,2,5,1,4,3,7],[6,2,5,1,3,4,7],[6,2,3,5,4,7,1],[6,2,3,5,4,1,7],[6,2,3,5,1,4,7],[2,6,5,4,7,3,1],[2,6,5,4,7,1,3],[2,6,5,4,3,7,1],[2,6,5,4,3,1,7],[2,6,5,4,1,7,3],[2,6,5,4,1,3,7],[2,6,5,3,4,7,1],[2,6,5,3,4,1,7],[2,6,5,3,1,4,7],[2,6,5,1,4,7,3],[2,6,5,1,4,3,7],[2,6,5,1,3,4,7],[2,6,3,5,4,7,1],[2,6,3,5,4,1,7],[2,6,3,5,1,4,7],[2,5,6,4,7,3,1],[2,5,6,4,7,1,3],[2,5,6,4,3,7,1],[2,5,6,4,3,1,7],[2,5,6,4,1,7,3],[2,5,6,4,1,3,7],[2,5,6,3,4,7,1],[2,5,6,3,4,1,7],[2,5,6,3,1,4,7],[2,5,6,1,4,7,3],[2,5,6,1,4,3,7],[2,5,6,1,3,4,7],[2,5,4,7,6,3,1],[2,5,4,7,6,1,3],[2,5,4,7,1,6,3],[2,5,4,6,7,3,1],[2,5,4,6,7,1,3],[2,5,4,6,3,7,1],[2,5,4,6,3,1,7],[2,5,4,6,1,7,3],[2,5,4,6,1,3,7],[2,5,4,1,7,6,3],[2,5,4,1,6,7,3],[2,5,4,1,6,3,7],[2,5,1,6,4,7,3],[2,5,1,6,4,3,7],[2,5,1,6,3,4,7],[2,5,1,4,7,6,3],[2,5,1,4,6,7,3],[2,5,1,4,6,3,7]],"extra":{"r":0.99226190476190479,"rtransformed":0.012705780489710654},"type":"empirical"}