{"D":[[0,0,0,0,0,0,19],[0,0,6,0,0,0,4],[0,18,0,0,15,9,0],[0,0,0,0,0,0,0],[0,0,1,0,0,13,2],[0,0,4,0,2,0,0],[0,9,0,0,12,0,0]],"k":323,"P":[[4,3,1,7,5,6,2],[4,3,1,7,5,2,6],[4,3,1,7,2,5,6],[4,1,7,3,5,6,2],[4,1,7,3,5,2,6],[4,1,7,3,2,5,6],[4,1,3,7,5,6,2],[4,1,3,7,5,2,6],[4,1,3,7,2,5,6],[3,4,1,7,5,6,2],[3,4,1,7,5,2,6],[3,4,1,7,2,5,6],[3,1,7,5,6,4,2],[3,1,7,5,6,2,4],[3,1,7,5,4,6,2],[3,1,7,5,4,2,6],[3,1,7,5,2,6,4],[3,1,7,5,2,4,6],[3,1,7,4,5,6,2],[3,1,7,4,5,2,6],[3,1,7,4,2,5,6],[3,1,7,2,5,6,4],[3,1,7,2,5,4,6],[3,1,7,2,4,5,6],[3,1,4,7,5,6,2],[3,1,4,7,5,2,6],[3,1,4,7,2,5,6],[1,7,4,3,5,6,2],[1,7,4,3,5,2,6],[1,7,4,3,2,5,6],[1,7,3,5,6,4,2],[1,7,3,5,6,2,4],[1,7,3,5,4,6,2],[1,7,3,5,4,2,6],[1,7,3,5,2,6,4],[1,7,3,5,2,4,6],[1,7,3,4,5,6,2],[1,7,3,4,5,2,6],[1,7,3,4,2,5,6],[1,7,3,2,5,6,4],[1,7,3,2,5,4,6],[1,7,3,2,4,5,6],[1,4,7,3,5,6,2],[1,4,7,3,5,2,6],[1,4,7,3,2,5,6],[1,4,3,7,5,6,2],[1,4,3,7,5,2,6],[1,4,3,7,2,5,6],[1,3,7,5,6,4,2],[1,3,7,5,6,2,4],[1,3,7,5,4,6,2],[1,3,7,5,4,2,6],[1,3,7,5,2,6,4],[1,3,7,5,2,4,6],[1,3,7,4,5,6,2],[1,3,7,4,5,2,6],[1,3,7,4,2,5,6],[1,3,7,2,5,6,4],[1,3,7,2,5,4,6],[1,3,7,2,4,5,6],[1,3,4,7,5,6,2],[1,3,4,7,5,2,6],[1,3,4,7,2,5,6]],"extra":{"r":0.98988095238095242,"rtransformed":0.0065443500664331368},"type":"empirical"}