{"D":[[0,0,1,0,1,0,1],[0,0,1,1,0,1,1],[1,1,0,1,0,1,0],[1,0,1,0,1,1,0],[1,0,1,0,0,1,1],[1,0,0,1,1,0,0],[1,1,1,0,1,1,0]],"k":12,"P":[[7,2,4,5,3,6,1],[2,7,4,5,3,6,1],[2,4,7,5,3,6,1],[2,4,5,7,3,6,1]],"extra":{"r":0.999546485260771,"rtransformed":0.15877683034401643},"type":"empirical"}