{"D":[[0,18,7,0,18,3,0],[8,0,0,1,7,2,18],[17,16,0,2,2,15,0],[0,14,10,0,0,9,18],[5,15,7,0,0,13,9],[12,18,5,2,7,0,3],[0,1,0,9,1,11,0]],"k":243,"P":[4,3,6,1,5,2,7],"extra":{"r":0.99987244897959182,"rtransformed":0.35714285714285715},"type":"empirical"}