{"D":[[0,1,1,0,1,1,1],[1,0,0,0,0,1,0],[1,1,0,0,1,0,1],[0,0,0,0,0,1,0],[1,0,0,0,0,1,0],[1,0,0,1,0,0,1],[0,0,1,0,1,1,0]],"k":15,"P":[[4,3,2,1,7,5,6],[4,3,1,7,5,2,6],[4,3,1,7,2,5,6],[4,3,1,2,7,5,6],[4,1,7,3,5,2,6],[4,1,7,3,2,5,6],[4,1,3,7,5,2,6],[4,1,3,7,2,5,6],[4,1,3,2,7,5,6],[3,4,2,1,7,5,6],[3,4,1,7,5,2,6],[3,4,1,7,2,5,6],[3,4,1,2,7,5,6],[3,2,4,1,7,5,6],[3,2,1,7,5,6,4],[3,2,1,7,5,4,6],[3,2,1,7,4,5,6],[3,2,1,4,7,5,6],[3,1,7,5,4,2,6],[3,1,7,5,2,6,4],[3,1,7,5,2,4,6],[3,1,7,4,5,2,6],[3,1,7,4,2,5,6],[3,1,7,2,5,6,4],[3,1,7,2,5,4,6],[3,1,7,2,4,5,6],[3,1,4,7,5,2,6],[3,1,4,7,2,5,6],[3,1,4,2,7,5,6],[3,1,2,7,5,6,4],[3,1,2,7,5,4,6],[3,1,2,7,4,5,6],[3,1,2,4,7,5,6],[1,7,4,3,5,2,6],[1,7,4,3,2,5,6],[1,7,3,5,4,2,6],[1,7,3,5,2,6,4],[1,7,3,5,2,4,6],[1,7,3,4,5,2,6],[1,7,3,4,2,5,6],[1,7,3,2,5,6,4],[1,7,3,2,5,4,6],[1,7,3,2,4,5,6],[1,4,7,3,5,2,6],[1,4,7,3,2,5,6],[1,4,3,7,5,2,6],[1,4,3,7,2,5,6],[1,4,3,2,7,5,6],[1,3,7,5,4,2,6],[1,3,7,5,2,6,4],[1,3,7,5,2,4,6],[1,3,7,4,5,2,6],[1,3,7,4,2,5,6],[1,3,7,2,5,6,4],[1,3,7,2,5,4,6],[1,3,7,2,4,5,6],[1,3,4,7,5,2,6],[1,3,4,7,2,5,6],[1,3,4,2,7,5,6],[1,3,2,7,5,6,4],[1,3,2,7,5,4,6],[1,3,2,7,4,5,6],[1,3,2,4,7,5,6]],"extra":{"r":0.9910714285714286,"rtransformed":0.010519162124229842},"type":"empirical"}