{"D":[[0,12,3,13,13,0,0],[20,0,0,0,0,8,17],[19,0,0,6,0,0,0],[2,0,14,0,2,13,0],[19,16,0,16,0,16,12],[0,2,0,19,5,0,0],[0,7,0,0,7,0,0]],"k":319,"P":[[5,3,2,7,6,1,4],[5,3,2,7,1,6,4],[5,3,2,6,7,1,4],[5,3,2,6,1,7,4],[5,3,2,6,1,4,7],[5,3,2,1,7,6,4],[5,3,2,1,6,7,4],[5,3,2,1,6,4,7],[5,2,7,6,3,1,4],[5,2,7,3,6,1,4],[5,2,7,3,1,6,4],[5,2,6,7,3,1,4],[5,2,6,3,7,1,4],[5,2,6,3,1,7,4],[5,2,6,3,1,4,7],[5,2,3,7,6,1,4],[5,2,3,7,1,6,4],[5,2,3,6,7,1,4],[5,2,3,6,1,7,4],[5,2,3,6,1,4,7],[5,2,3,1,7,6,4],[5,2,3,1,6,7,4],[5,2,3,1,6,4,7],[3,5,2,7,6,1,4],[3,5,2,7,1,6,4],[3,5,2,6,7,1,4],[3,5,2,6,1,7,4],[3,5,2,6,1,4,7],[3,5,2,1,7,6,4],[3,5,2,1,6,7,4],[3,5,2,1,6,4,7]],"extra":{"r":0.99532832577475439,"rtransformed":0.016797871160882584},"type":"empirical"}