{"D":[[0,0,0,19,0,0,12],[0,0,0,15,12,4,0],[0,0,0,17,17,0,0],[3,7,0,0,6,14,16],[0,5,12,16,0,5,17],[0,19,0,7,17,0,0],[7,0,0,4,12,0,0]],"k":294,"P":[[6,3,2,5,1,4,7],[6,3,2,1,5,4,7],[6,3,1,2,5,4,7],[6,2,3,5,1,4,7],[6,2,3,1,5,4,7],[6,2,1,3,5,4,7],[6,1,3,2,5,4,7],[6,1,2,3,5,4,7],[3,6,2,5,1,4,7],[3,6,2,1,5,4,7],[3,6,1,2,5,4,7],[3,1,6,2,5,4,7],[1,6,3,2,5,4,7],[1,6,2,3,5,4,7],[1,3,6,2,5,4,7]],"extra":{"r":0.9978070175438597,"rtransformed":0.0306161021952995},"type":"empirical"}