{"D":[[0,0,0,0,1,1,0],[0,0,1,1,0,0,0],[0,0,0,1,1,1,0],[1,1,1,0,0,0,0],[1,1,1,1,0,0,1],[1,1,1,1,1,0,1],[0,1,0,1,0,0,0]],"k":10,"P":[[6,5,7,4,2,3,1],[6,5,7,4,2,1,3],[6,5,7,4,1,2,3],[6,5,7,2,4,3,1],[6,5,7,2,4,1,3],[6,5,7,2,3,4,1]],"extra":{"r":0.99943310657596374,"rtransformed":0.09199375557537913},"type":"empirical"}