{"D":[[0,0,0,1,1,1,0],[0,0,0,0,0,1,1],[1,1,0,0,1,1,1],[1,0,1,0,1,0,1],[0,1,0,1,0,1,1],[1,1,0,0,0,0,0],[0,1,1,0,1,0,0]],"k":12,"P":[[4,7,3,1,5,6,2],[4,7,3,1,5,2,6],[4,3,7,1,5,6,2],[4,3,7,1,5,2,6],[4,3,1,7,5,6,2],[4,3,1,7,5,2,6],[4,3,1,5,7,6,2],[4,3,1,5,7,2,6],[4,3,1,5,6,7,2],[4,3,1,5,6,2,7],[4,3,1,5,2,7,6],[4,3,1,5,2,6,7]],"extra":{"r":0.998639455782313,"rtransformed":0.073404018684659372},"type":"empirical"}