{"D":[[0,18,6,13,15,2,4],[9,0,1,0,7,0,5],[16,8,0,0,16,5,11],[18,15,0,0,0,17,15],[9,19,9,0,0,17,7],[7,0,0,3,1,0,0],[12,11,18,0,1,0,0]],"k":268,"P":[[4,7,3,1,5,6,2],[4,7,3,1,5,2,6]],"extra":{"r":0.99973346063571622,"rtransformed":0.26535228385267207},"type":"empirical"}