{"D":[[0,0,0,13,0,13,13],[0,0,13,0,11,20,19],[0,1,0,15,17,12,11],[18,0,2,0,1,0,0],[0,0,11,13,0,0,0],[6,12,3,0,0,0,0],[1,8,18,0,0,0,0]],"k":317,"P":[[2,1,7,3,6,5,4],[2,1,7,3,5,6,4],[2,1,7,3,5,4,6],[1,2,7,3,6,5,4],[1,2,7,3,5,6,4],[1,2,7,3,5,4,6]],"extra":{"r":0.99910147392290249,"rtransformed":0.041751114714227808},"type":"empirical"}