{"D":[[0,0,10,9,0,0,0],[0,0,0,0,0,0,0],[17,0,0,2,0,13,8],[1,0,11,0,14,7,2],[0,0,0,1,0,0,0],[0,0,5,18,0,0,0],[0,0,18,18,15,0,0]],"k":299,"P":[[7,3,6,2,1,4,5],[7,3,6,1,4,5,2],[7,3,6,1,4,2,5],[7,3,6,1,2,4,5],[7,3,2,6,1,4,5],[7,3,2,1,6,4,5],[7,3,1,6,4,5,2],[7,3,1,6,4,2,5],[7,3,1,6,2,4,5],[7,3,1,2,6,4,5],[7,2,3,6,1,4,5],[7,2,3,1,6,4,5],[2,7,3,6,1,4,5],[2,7,3,1,6,4,5]],"extra":{"r":0.99780276308054083,"rtransformed":0.027769440636398787},"type":"empirical"}