{"D":[[0,0,0,0,0,1,0],[1,0,0,0,1,0,0],[1,0,0,0,1,0,1],[1,1,0,0,1,1,1],[1,1,0,0,0,0,1],[0,1,0,1,1,0,1],[0,1,0,0,1,0,0]],"k":9,"P":[[6,4,3,7,5,2,1],[6,4,3,7,2,5,1],[6,4,3,5,7,2,1],[6,3,4,7,5,2,1],[6,3,4,7,2,5,1],[6,3,4,5,7,2,1],[4,6,3,7,5,2,1],[4,6,3,7,2,5,1],[4,6,3,5,7,2,1],[4,3,6,7,5,2,1],[4,3,6,7,2,5,1],[4,3,6,5,7,2,1],[3,6,4,7,5,2,1],[3,6,4,7,2,5,1],[3,6,4,5,7,2,1],[3,4,6,7,5,2,1],[3,4,6,7,2,5,1],[3,4,6,5,7,2,1]],"extra":{"r":0.99846938775510208,"rtransformed":0.046754675467546754},"type":"empirical"}