{"D":[[0,19,0,15,0,0,0],[11,0,0,15,2,0,13],[0,0,0,0,3,11,17],[5,4,0,0,4,0,19],[0,7,9,13,0,19,1],[0,0,6,0,9,0,0],[19,0,10,10,14,0,0]],"k":330,"P":[[3,7,5,6,1,2,4],[3,7,5,1,6,2,4],[3,7,5,1,2,6,4],[3,7,5,1,2,4,6],[3,7,1,5,6,2,4],[3,7,1,5,2,6,4],[3,7,1,5,2,4,6],[3,2,7,5,6,1,4],[3,2,7,5,1,6,4],[3,2,7,5,1,4,6],[3,2,7,1,5,6,4],[3,2,7,1,5,4,6],[2,3,7,5,6,1,4],[2,3,7,5,1,6,4],[2,3,7,5,1,4,6],[2,3,7,1,5,6,4],[2,3,7,1,5,4,6]],"extra":{"r":0.99721028762382147,"rtransformed":0.020256323220461815},"type":"empirical"}