{"D":[[0,20,19,0,9,4,11],[13,0,0,19,17,6,0],[4,0,0,15,8,2,15],[0,1,9,0,0,0,2],[19,9,17,0,0,0,0],[12,0,16,0,0,0,7],[16,0,9,16,0,16,0]],"k":311,"P":[[7,2,6,5,1,3,4],[7,2,5,6,1,3,4],[2,7,6,5,1,3,4],[2,7,5,6,1,3,4],[2,5,7,6,1,3,4]],"extra":{"r":0.99926540060468627,"rtransformed":0.094975312227708428},"type":"empirical"}