{"D":[[0,16,5,4,3,2,0],[8,0,17,0,0,18,17],[16,2,0,2,9,2,18],[15,0,17,0,17,10,20],[9,12,2,12,0,3,10],[14,9,13,1,10,0,5],[0,1,10,1,17,0,0]],"k":267,"P":[[4,2,6,3,7,5,1],[2,4,6,3,7,5,1]],"extra":{"r":0.99974773242630388,"rtransformed":0.18780687397708673},"type":"empirical"}