{"D":[[0,0,4,3,18,0,3],[0,0,17,4,1,0,10],[10,10,0,14,9,0,16],[8,15,9,0,11,0,0],[10,19,0,6,0,0,14],[0,10,0,0,0,0,13],[16,18,4,0,3,7,0]],"k":295,"P":[[6,3,4,5,7,2,1],[6,3,4,5,7,1,2],[3,6,4,5,7,2,1],[3,6,4,5,7,1,2],[3,4,6,5,7,2,1],[3,4,6,5,7,1,2],[3,4,5,6,7,2,1],[3,4,5,6,7,1,2]],"extra":{"r":0.99882643115725822,"rtransformed":0.03465714970333543},"type":"empirical"}