{"D":[[0,0,4,0,0,3,13],[0,0,0,0,18,0,4],[13,0,0,12,1,14,17],[0,9,7,0,2,0,15],[0,9,15,13,0,0,8],[13,0,7,0,0,0,0],[8,19,12,10,20,0,0]],"k":346,"P":[[5,3,6,4,1,7,2],[5,3,6,1,4,7,2],[5,3,4,6,1,7,2]],"extra":{"r":0.99950963718820862,"rtransformed":0.077554585152838418},"type":"empirical"}