{"D":[[0,0,0,1,0,1,0,0,0,0],[0,0,1,0,0,1,1,1,1,0],[1,0,0,1,1,1,1,0,1,1],[1,0,0,0,0,0,1,1,0,0],[0,1,1,0,0,0,0,1,1,0],[1,0,1,0,1,0,0,1,1,0],[1,0,0,0,0,1,0,1,1,1],[1,0,0,0,1,0,1,0,1,1],[1,0,0,0,0,0,0,1,0,1],[1,0,0,1,0,1,1,0,1,0]],"k":23,"P":[[2,3,10,4,7,6,5,8,9,1],[2,3,10,4,7,6,5,9,8,1],[2,3,10,4,7,6,8,5,9,1],[5,2,3,10,4,7,6,8,9,1],[5,2,3,10,4,7,6,9,8,1]],"extra":{"r":0.99999929575739765,"rtransformed":0.13348957078868237},"type":"empirical"}