{"D":[[0,20,0,0,6,0,0],[14,0,17,2,17,0,0],[0,6,0,5,18,1,0],[0,10,16,0,13,0,14],[12,1,6,19,0,0,4],[0,0,9,0,0,0,0],[0,0,0,6,17,0,0]],"k":339,"P":[[6,4,7,2,3,5,1],[6,4,7,1,2,3,5],[6,4,2,7,3,5,1],[6,4,2,3,7,5,1],[6,4,1,7,2,3,5],[6,4,1,2,7,3,5],[6,4,1,2,3,7,5],[6,1,4,7,2,3,5],[6,1,4,2,7,3,5],[6,1,4,2,3,7,5],[4,7,6,2,3,5,1],[4,7,6,1,2,3,5],[4,7,2,6,3,5,1],[4,7,1,6,2,3,5],[4,7,1,2,6,3,5],[4,6,7,2,3,5,1],[4,6,7,1,2,3,5],[4,6,2,7,3,5,1],[4,6,2,3,7,5,1],[4,6,1,7,2,3,5],[4,6,1,2,7,3,5],[4,6,1,2,3,7,5],[4,2,7,6,3,5,1],[4,2,6,7,3,5,1],[4,2,6,3,7,5,1],[4,1,7,6,2,3,5],[4,1,7,2,6,3,5],[4,1,6,7,2,3,5],[4,1,6,2,7,3,5],[4,1,6,2,3,7,5],[4,1,2,7,6,3,5],[4,1,2,6,7,3,5],[4,1,2,6,3,7,5],[1,6,4,7,2,3,5],[1,6,4,2,7,3,5],[1,6,4,2,3,7,5],[1,4,7,6,2,3,5],[1,4,7,2,6,3,5],[1,4,6,7,2,3,5],[1,4,6,2,7,3,5],[1,4,6,2,3,7,5],[1,4,2,7,6,3,5],[1,4,2,6,7,3,5],[1,4,2,6,3,7,5]],"extra":{"r":0.992953514739229,"rtransformed":0.010378746266522028},"type":"empirical"}