{"D":[[0,0,1,0,0,1,1],[0,0,1,0,0,1,1],[0,0,0,1,0,0,1],[0,0,1,0,0,0,1],[1,1,1,0,0,1,1],[0,0,1,1,0,0,1],[1,1,1,0,1,1,0]],"k":10,"P":[[5,2,1,6,4,7,3],[5,2,1,6,4,3,7],[5,2,1,6,3,4,7],[5,1,2,6,4,7,3],[5,1,2,6,4,3,7],[5,1,2,6,3,4,7]],"extra":{"r":0.99943310657596374,"rtransformed":0.11062317723173881},"type":"empirical"}