{"D":[[0,8,5,0,0,2,0],[13,0,0,1,18,12,20],[0,0,0,19,0,19,0],[0,11,1,0,3,7,0],[0,6,0,14,0,0,13],[15,5,2,16,0,0,5],[0,9,0,0,1,19,0]],"k":306,"P":[[3,2,5,7,6,4,1],[3,2,5,7,6,1,4],[2,5,7,3,6,4,1],[2,5,7,3,6,1,4],[2,5,3,7,6,4,1],[2,5,3,7,6,1,4],[2,3,5,7,6,4,1],[2,3,5,7,6,1,4]],"extra":{"r":0.998843537414966,"rtransformed":0.05282202903667093},"type":"empirical"}