{"D":[[0,0,1,0,0,1,0],[0,0,1,1,0,0,1],[0,1,0,0,0,1,0],[1,0,0,0,1,0,0],[1,1,0,1,0,1,1],[1,1,1,0,1,0,0],[1,1,1,0,1,0,0]],"k":13,"P":[[7,6,5,2,4,1,3],[7,5,6,2,4,1,3],[6,7,5,2,4,1,3],[6,5,7,2,4,1,3],[6,5,2,7,4,1,3],[6,5,2,4,7,1,3],[5,7,6,2,4,1,3],[5,6,7,2,4,1,3],[5,6,2,7,4,1,3],[5,6,2,4,7,1,3]],"extra":{"r":0.998771730914588,"rtransformed":0.056809215717216345},"type":"empirical"}