{"D":[[0,0,0,1,16,13,15],[0,0,0,17,15,9,10],[0,0,0,0,0,3,10],[6,10,0,0,0,9,2],[9,10,0,0,0,0,0],[19,2,10,19,0,0,0],[4,20,5,12,0,0,0]],"k":354,"P":[[6,3,1,7,2,5,4],[6,3,1,7,2,4,5],[6,1,3,7,2,5,4],[6,1,3,7,2,4,5]],"extra":{"r":0.99933106575963715,"rtransformed":0.040668218540325894},"type":"empirical"}