{"D":[[0,1,0,1,1,1,0],[1,0,1,1,1,1,1],[0,1,0,1,1,1,1],[0,1,0,0,1,1,0],[1,0,1,0,0,0,1],[1,0,0,1,0,0,1],[1,0,1,1,0,1,0]],"k":13,"P":[[3,2,7,6,1,4,5],[3,2,7,1,6,4,5],[3,2,7,1,4,6,5],[3,2,7,1,4,5,6],[3,2,6,7,1,4,5],[3,2,6,5,7,1,4],[3,2,5,7,6,1,4],[3,2,5,7,1,6,4],[3,2,5,7,1,4,6],[3,2,5,6,7,1,4],[2,7,3,6,1,4,5],[2,7,3,1,6,4,5],[2,7,3,1,4,6,5],[2,7,3,1,4,5,6],[2,7,1,3,6,4,5],[2,7,1,3,4,6,5],[2,7,1,3,4,5,6],[2,5,7,3,6,1,4],[2,5,7,3,1,6,4],[2,5,7,3,1,4,6],[2,5,7,1,3,6,4],[2,5,7,1,3,4,6],[2,5,3,7,6,1,4],[2,5,3,7,1,6,4],[2,5,3,7,1,4,6],[2,5,3,6,7,1,4],[2,3,7,6,1,4,5],[2,3,7,1,6,4,5],[2,3,7,1,4,6,5],[2,3,7,1,4,5,6],[2,3,6,7,1,4,5],[2,3,6,5,7,1,4],[2,3,5,7,6,1,4],[2,3,5,7,1,6,4],[2,3,5,7,1,4,6],[2,3,5,6,7,1,4]],"extra":{"r":0.995578231292517,"rtransformed":0.023103136250746174},"type":"empirical"}