{"D":[[0,6,14,18,0,8,17],[18,0,17,0,6,0,3],[6,6,0,0,0,0,1],[13,0,11,0,0,0,0],[0,17,0,0,0,19,3],[2,0,0,0,11,0,0],[8,10,14,0,11,0,0]],"k":308,"P":[[7,5,2,1,6,4,3],[7,5,2,1,4,6,3],[7,5,2,1,4,3,6]],"extra":{"r":0.99954051796157062,"rtransformed":0.082494164217778554},"type":"empirical"}