{"D":[[0,0,0,0,0,0,1],[0,0,1,0,0,1,1],[0,1,0,0,0,0,0],[1,1,0,0,0,0,1],[1,1,1,0,0,1,0],[0,1,1,1,1,0,1],[1,0,1,1,0,1,0]],"k":12,"P":[[6,5,4,2,7,3,1],[6,5,4,2,7,1,3],[6,5,4,2,1,7,3],[6,5,4,1,2,7,3],[6,4,5,2,7,3,1],[6,4,5,2,7,1,3],[6,4,5,2,1,7,3],[6,4,5,1,2,7,3],[5,6,4,2,7,3,1],[5,6,4,2,7,1,3],[5,6,4,2,1,7,3],[5,6,4,1,2,7,3]],"extra":{"r":0.998639455782313,"rtransformed":0.072389587598713112},"type":"empirical"}