{"D":[[0,0,0,0,0,20,2],[0,0,0,3,0,5,0],[0,0,0,0,0,0,0],[0,14,0,0,13,0,0],[0,0,0,7,0,0,10],[9,11,0,0,0,0,0],[18,0,0,0,20,0,0]],"k":360,"P":[[7,4,5,3,1,6,2],[7,4,5,1,6,3,2],[7,4,5,1,6,2,3],[7,4,5,1,3,6,2],[7,4,3,5,1,6,2],[7,4,3,1,6,5,2],[7,4,3,1,6,2,5],[7,4,3,1,5,6,2],[7,4,1,6,5,3,2],[7,4,1,6,5,2,3],[7,4,1,6,3,5,2],[7,4,1,6,3,2,5],[7,4,1,6,2,5,3],[7,4,1,6,2,3,5],[7,4,1,5,6,3,2],[7,4,1,5,6,2,3],[7,4,1,5,3,6,2],[7,4,1,3,6,5,2],[7,4,1,3,6,2,5],[7,4,1,3,5,6,2],[7,3,4,5,1,6,2],[7,3,4,1,6,5,2],[7,3,4,1,6,2,5],[7,3,4,1,5,6,2],[7,3,1,6,4,5,2],[7,3,1,6,4,2,5],[7,3,1,4,6,5,2],[7,3,1,4,6,2,5],[7,3,1,4,5,6,2],[7,1,6,4,5,3,2],[7,1,6,4,5,2,3],[7,1,6,4,3,5,2],[7,1,6,4,3,2,5],[7,1,6,4,2,5,3],[7,1,6,4,2,3,5],[7,1,6,3,4,5,2],[7,1,6,3,4,2,5],[7,1,4,6,5,3,2],[7,1,4,6,5,2,3],[7,1,4,6,3,5,2],[7,1,4,6,3,2,5],[7,1,4,6,2,5,3],[7,1,4,6,2,3,5],[7,1,4,5,6,3,2],[7,1,4,5,6,2,3],[7,1,4,5,3,6,2],[7,1,4,3,6,5,2],[7,1,4,3,6,2,5],[7,1,4,3,5,6,2],[7,1,3,6,4,5,2],[7,1,3,6,4,2,5],[7,1,3,4,6,5,2],[7,1,3,4,6,2,5],[7,1,3,4,5,6,2],[4,7,5,3,1,6,2],[4,7,5,1,6,3,2],[4,7,5,1,6,2,3],[4,7,5,1,3,6,2],[4,7,3,5,1,6,2],[4,7,3,1,6,5,2],[4,7,3,1,6,2,5],[4,7,3,1,5,6,2],[4,7,1,6,5,3,2],[4,7,1,6,5,2,3],[4,7,1,6,3,5,2],[4,7,1,6,3,2,5],[4,7,1,6,2,5,3],[4,7,1,6,2,3,5],[4,7,1,5,6,3,2],[4,7,1,5,6,2,3],[4,7,1,5,3,6,2],[4,7,1,3,6,5,2],[4,7,1,3,6,2,5],[4,7,1,3,5,6,2],[4,3,7,5,1,6,2],[4,3,7,1,6,5,2],[4,3,7,1,6,2,5],[4,3,7,1,5,6,2],[3,7,4,5,1,6,2],[3,7,4,1,6,5,2],[3,7,4,1,6,2,5],[3,7,4,1,5,6,2],[3,7,1,6,4,5,2],[3,7,1,6,4,2,5],[3,7,1,4,6,5,2],[3,7,1,4,6,2,5],[3,7,1,4,5,6,2],[3,4,7,5,1,6,2],[3,4,7,1,6,5,2],[3,4,7,1,6,2,5],[3,4,7,1,5,6,2]],"extra":{"r":0.98452380952380958,"rtransformed":0.0032147271014193813},"type":"empirical"}