{"D":[[0,0,16,7,11,5,10],[0,0,2,0,0,0,13],[8,14,0,0,0,18,18],[13,0,0,0,0,18,13],[5,0,0,0,0,16,0],[11,0,3,13,5,0,15],[20,5,9,3,0,4,0]],"k":331,"P":[[5,4,3,6,2,7,1],[5,4,3,2,6,7,1],[5,3,4,6,2,7,1],[5,3,4,2,6,7,1],[5,3,2,4,6,7,1],[4,5,3,6,2,7,1],[4,5,3,2,6,7,1],[4,3,5,6,2,7,1],[4,3,5,2,6,7,1],[4,3,2,5,6,7,1],[3,5,4,6,2,7,1],[3,5,4,2,6,7,1],[3,5,2,4,6,7,1],[3,4,5,6,2,7,1],[3,4,5,2,6,7,1],[3,4,2,5,6,7,1],[3,2,5,4,6,7,1],[3,2,4,5,6,7,1]],"extra":{"r":0.99718537414965991,"rtransformed":0.015614035087719302},"type":"empirical"}