{"D":[[0,1,1,0,0,1,1],[1,0,0,0,1,0,0],[0,1,0,1,0,0,1],[0,0,1,0,1,0,1],[0,1,0,1,0,1,0],[1,0,0,1,1,0,0],[0,1,0,0,0,1,0]],"k":15,"P":[[6,5,4,1,3,7,2],[6,5,1,4,3,7,2],[6,5,1,3,4,7,2],[6,4,5,1,3,7,2],[6,4,1,5,3,7,2],[6,4,1,3,7,5,2],[6,4,1,3,7,2,5],[6,4,1,3,5,7,2],[6,1,5,4,3,7,2],[6,1,5,3,4,7,2],[6,1,4,5,3,7,2],[6,1,4,3,7,5,2],[6,1,4,3,7,2,5],[6,1,4,3,5,7,2],[6,1,3,5,4,7,2],[6,1,3,4,7,5,2],[6,1,3,4,7,2,5],[6,1,3,4,5,7,2],[5,6,4,1,3,7,2],[5,6,1,4,3,7,2],[5,6,1,3,4,7,2],[5,4,1,3,7,6,2],[5,4,1,3,7,2,6],[5,1,6,4,3,7,2],[5,1,6,3,4,7,2],[5,1,4,3,7,6,2],[5,1,4,3,7,2,6],[5,1,3,7,6,4,2],[5,1,3,7,6,2,4],[5,1,3,7,2,6,4],[5,1,3,6,4,7,2],[5,1,3,4,7,6,2],[5,1,3,4,7,2,6],[4,5,1,3,7,6,2],[4,5,1,3,7,2,6],[4,1,5,3,7,6,2],[4,1,5,3,7,2,6],[4,1,3,7,6,5,2],[4,1,3,7,6,2,5],[4,1,3,7,5,6,2],[4,1,3,7,5,2,6],[4,1,3,7,2,6,5],[4,1,3,7,2,5,6],[4,1,3,5,7,6,2],[4,1,3,5,7,2,6],[1,6,5,4,3,7,2],[1,6,5,3,4,7,2],[1,6,4,5,3,7,2],[1,6,4,3,7,5,2],[1,6,4,3,7,2,5],[1,6,4,3,5,7,2],[1,6,3,5,4,7,2],[1,6,3,4,7,5,2],[1,6,3,4,7,2,5],[1,6,3,4,5,7,2],[1,5,6,4,3,7,2],[1,5,6,3,4,7,2],[1,5,4,3,7,6,2],[1,5,4,3,7,2,6],[1,5,3,7,6,4,2],[1,5,3,7,6,2,4],[1,5,3,7,2,6,4],[1,5,3,6,4,7,2],[1,5,3,4,7,6,2],[1,5,3,4,7,2,6],[1,4,5,3,7,6,2],[1,4,5,3,7,2,6],[1,4,3,7,6,5,2],[1,4,3,7,6,2,5],[1,4,3,7,5,6,2],[1,4,3,7,5,2,6],[1,4,3,7,2,6,5],[1,4,3,7,2,5,6],[1,4,3,5,7,6,2],[1,4,3,5,7,2,6],[1,3,7,6,5,4,2],[1,3,7,6,5,2,4],[1,3,7,6,4,5,2],[1,3,7,6,4,2,5],[1,3,7,6,2,5,4],[1,3,7,6,2,4,5],[1,3,7,5,6,4,2],[1,3,7,5,6,2,4],[1,3,7,5,2,6,4],[1,3,7,2,6,5,4],[1,3,7,2,6,4,5],[1,3,7,2,5,6,4],[1,3,6,5,4,7,2],[1,3,6,4,7,5,2],[1,3,6,4,7,2,5],[1,3,6,4,5,7,2],[1,3,5,7,6,4,2],[1,3,5,7,6,2,4],[1,3,5,7,2,6,4],[1,3,5,6,4,7,2],[1,3,5,4,7,6,2],[1,3,5,4,7,2,6],[1,3,4,7,6,5,2],[1,3,4,7,6,2,5],[1,3,4,7,5,6,2],[1,3,4,7,5,2,6],[1,3,4,7,2,6,5],[1,3,4,7,2,5,6],[1,3,4,5,7,6,2],[1,3,4,5,7,2,6]],"extra":{"r":0.98511904761904767,"rtransformed":0.0060274645673143567},"type":"empirical"}