{"D":[[0,0,0,18,1,8,19],[0,0,4,10,0,8,3],[0,15,0,0,15,0,18],[13,15,0,0,2,5,0],[19,0,4,19,0,0,0],[19,2,0,11,7,0,0],[9,14,13,0,0,0,0]],"k":288,"P":[[6,3,5,1,7,4,2],[6,3,5,1,4,7,2],[3,6,5,1,7,4,2],[3,6,5,1,4,7,2]],"extra":{"r":0.9994271392767633,"rtransformed":0.096333725482632929},"type":"empirical"}