{"D":[[0,16,2,0,1,8,18],[3,0,6,0,5,1,0],[8,11,0,0,13,0,0],[0,0,0,0,0,0,11],[14,18,1,0,0,18,8],[18,14,0,0,0,0,3],[10,0,0,5,14,20,0]],"k":296,"P":[[4,7,3,5,6,1,2],[4,3,7,5,6,1,2],[3,4,7,5,6,1,2]],"extra":{"r":0.99958049886621314,"rtransformed":0.12420701168614358},"type":"empirical"}