{"D":[[0,0,18,0,5,0,16],[0,0,0,1,12,0,0],[10,0,0,11,19,0,5],[0,19,18,0,1,12,5],[18,7,10,17,0,0,2],[0,0,0,7,0,0,17],[6,0,12,17,14,3,0]],"k":321,"P":[[6,7,5,4,2,1,3],[6,7,5,4,1,3,2],[6,7,5,4,1,2,3],[6,7,5,1,4,3,2],[6,7,5,1,4,2,3]],"extra":{"r":0.99920187373194891,"rtransformed":0.04331779107033356},"type":"empirical"}