{"D":[[0,1,0,12,14,10,16],[7,0,6,1,17,0,13],[0,15,0,18,9,6,3],[18,16,4,0,0,3,0],[2,11,14,0,0,10,0],[19,0,14,11,5,0,6],[8,18,18,20,0,16,0]],"k":295,"P":[7,6,3,4,2,1,5],"extra":{"r":0.99986063869992436,"rtransformed":0.29761904761904762},"type":"empirical"}