{"D":[[0,10,0,4,0,0,15],[17,0,0,16,6,6,15],[0,0,0,0,7,14,0],[13,6,0,0,0,3,0],[0,11,1,0,0,10,10],[0,11,7,15,1,0,4],[6,8,0,0,19,19,0]],"k":321,"P":[[7,3,5,6,2,4,1],[3,7,5,6,2,4,1]],"extra":{"r":0.99968074949277952,"rtransformed":0.15799601633975893},"type":"empirical"}