{"D":[[0,1,0,0,0,0,0],[1,0,0,0,1,1,1],[1,1,0,0,1,1,1],[0,1,1,0,1,0,0],[0,0,1,1,0,0,0],[1,0,1,0,1,0,0],[1,1,1,0,1,1,0]],"k":10,"P":[[7,4,3,2,6,5,1],[7,4,3,2,6,1,5],[4,7,3,2,6,5,1],[4,7,3,2,6,1,5],[4,3,7,2,6,5,1],[4,3,7,2,6,1,5],[4,3,2,7,6,5,1],[4,3,2,7,6,1,5]],"extra":{"r":0.999244142101285,"rtransformed":0.14604539419611806},"type":"empirical"}