{"D":[[0,0,1,1,0,0,1],[0,0,0,0,0,0,0],[0,0,0,1,1,0,1],[1,1,0,0,0,0,0],[0,1,1,0,0,0,0],[0,0,0,0,1,0,0],[0,1,0,1,1,1,0]],"k":10,"P":[[1,3,7,6,5,4,2],[1,3,7,6,4,5,2],[1,3,7,4,6,5,2]],"extra":{"r":0.99971655328798181,"rtransformed":0.17718120805369128},"type":"empirical"}