{"D":[[0,0,1,1,0,1,1],[0,0,1,1,1,0,1],[1,0,0,1,1,1,1],[0,0,1,0,1,1,1],[0,0,1,0,0,1,0],[0,1,1,1,1,0,0],[1,1,0,0,0,1,0]],"k":13,"P":[[2,3,1,4,7,6,5],[2,3,1,4,7,5,6],[2,3,1,4,5,7,6],[2,1,4,5,3,7,6],[2,1,4,3,7,6,5],[2,1,4,3,7,5,6],[2,1,4,3,5,7,6],[2,1,3,4,7,6,5],[2,1,3,4,7,5,6],[2,1,3,4,5,7,6],[1,6,2,4,5,3,7],[1,6,2,4,3,7,5],[1,6,2,4,3,5,7],[1,6,2,3,4,7,5],[1,6,2,3,4,5,7],[1,2,4,5,3,7,6],[1,2,4,3,7,6,5],[1,2,4,3,7,5,6],[1,2,4,3,5,7,6],[1,2,3,4,7,6,5],[1,2,3,4,7,5,6],[1,2,3,4,5,7,6]],"extra":{"r":0.99729780801209378,"rtransformed":0.022085308887584032},"type":"empirical"}