{"D":[[0,0,1,1,1,1,0],[0,0,1,0,1,1,1],[1,1,0,1,1,0,0],[1,1,0,0,0,0,1],[0,0,1,1,0,0,0],[0,0,0,1,0,0,0],[1,0,0,0,1,0,0]],"k":13,"P":[[3,4,2,7,1,6,5],[3,4,2,7,1,5,6],[3,2,7,1,6,5,4],[3,2,7,1,5,6,4],[2,7,3,1,6,5,4],[2,7,3,1,5,6,4],[2,7,1,6,5,3,4],[2,7,1,6,3,5,4],[2,7,1,5,6,3,4],[2,7,1,5,3,6,4],[2,7,1,3,6,5,4],[2,7,1,3,5,6,4],[2,3,7,1,6,5,4],[2,3,7,1,5,6,4]],"extra":{"r":0.99828042328042332,"rtransformed":0.042978462555703263},"type":"empirical"}