{"D":[[0,1,0,0,0,0,1],[0,0,0,1,0,0,1],[0,1,0,0,1,0,1],[0,0,0,0,0,1,1],[1,1,0,1,0,1,0],[1,1,0,1,0,0,0],[0,1,1,0,1,1,0]],"k":11,"P":[[7,3,5,6,1,2,4],[3,7,5,6,1,2,4],[3,5,6,1,2,4,7]],"extra":{"r":0.99968820861678009,"rtransformed":0.56285178236397737},"type":"empirical"}