{"D":[[0,6,9,3,4,2,7],[19,0,15,0,14,0,0],[2,10,0,0,1,2,0],[16,0,0,0,0,0,19],[12,6,18,0,0,0,12],[18,0,19,0,0,0,1],[2,0,0,11,17,20,0]],"k":289,"P":[[4,7,6,2,5,1,3],[4,7,2,6,5,1,3],[4,7,2,5,6,1,3],[4,2,7,6,5,1,3],[4,2,7,5,6,1,3],[2,4,7,6,5,1,3],[2,4,7,5,6,1,3]],"extra":{"r":0.99904431216931222,"rtransformed":0.075489819439108749},"type":"empirical"}