{"D":[[0,0,0,7,0,7,4],[0,0,0,0,20,0,0],[0,0,0,13,2,11,4],[15,0,8,0,15,5,3],[0,12,13,6,0,3,6],[13,0,16,13,9,0,19],[19,0,15,12,17,10,0]],"k":309,"P":[[6,7,4,2,5,3,1],[6,7,4,2,5,1,3],[6,7,4,2,1,5,3],[6,7,4,1,2,5,3],[6,7,2,4,5,3,1],[6,7,2,4,5,1,3],[6,7,2,4,1,5,3],[6,2,7,4,5,3,1],[6,2,7,4,5,1,3],[6,2,7,4,1,5,3],[2,6,7,4,5,3,1],[2,6,7,4,5,1,3],[2,6,7,4,1,5,3]],"extra":{"r":0.99810232426303858,"rtransformed":0.043790821023100883},"type":"empirical"}