{"D":[[0,18,0,8,0,0,10],[2,0,19,0,1,0,20],[0,8,0,0,0,0,12],[3,0,0,0,0,0,0],[0,17,0,0,0,4,10],[0,0,0,0,17,0,0],[3,9,17,0,3,0,0]],"k":329,"P":[[6,5,1,4,2,7,3],[6,5,1,2,7,4,3],[6,5,1,2,7,3,4],[6,5,1,2,4,7,3],[6,1,5,4,2,7,3],[6,1,5,2,7,4,3],[6,1,5,2,7,3,4],[6,1,5,2,4,7,3],[6,1,4,5,2,7,3],[1,6,5,4,2,7,3],[1,6,5,2,7,4,3],[1,6,5,2,7,3,4],[1,6,5,2,4,7,3],[1,6,4,5,2,7,3],[1,4,6,5,2,7,3]],"extra":{"r":0.99766865079365075,"rtransformed":0.030885098061398483},"type":"empirical"}