{"D":[[0,11,7,0,19,0,11],[6,0,19,13,16,8,0],[16,12,0,4,0,0,3],[0,1,17,0,15,0,18],[12,9,0,1,0,0,9],[0,13,0,0,0,0,4],[19,0,17,13,20,18,0]],"k":309,"P":[[7,6,2,4,3,1,5],[2,4,7,6,3,1,5],[2,4,7,3,6,1,5],[2,4,7,3,1,6,5],[2,4,7,3,1,5,6]],"extra":{"r":0.9992701247165533,"rtransformed":0.099626028421839943},"type":"empirical"}