{"D":[[0,0,15,3,11,13,0],[0,0,0,1,0,0,5],[9,0,0,0,3,0,17],[10,9,0,0,0,19,0],[6,0,11,0,0,20,13],[19,0,0,8,10,0,0],[0,17,12,0,3,10,0]],"k":334,"P":[[4,1,5,3,7,6,2],[4,1,5,3,7,2,6]],"extra":{"r":0.99968442932728652,"rtransformed":0.16549069916613213},"type":"empirical"}