{"D":[[0,0,1,0,0,0,1],[0,0,0,1,0,1,0],[1,1,0,1,1,1,0],[0,0,1,0,0,0,1],[0,0,1,1,0,1,1],[0,0,1,1,1,0,1],[1,1,1,0,0,0,0]],"k":15,"P":[[6,5,7,3,2,4,1],[6,5,7,3,2,1,4],[6,5,7,3,1,2,4],[6,5,7,1,3,2,4],[6,5,4,7,3,2,1],[6,5,4,7,3,1,2],[6,5,4,7,1,3,2],[6,5,4,1,7,3,2],[6,5,1,7,3,2,4],[6,5,1,4,7,3,2],[6,1,5,7,3,2,4],[6,1,5,4,7,3,2],[5,7,3,2,6,4,1],[5,7,3,2,6,1,4],[5,7,3,2,1,6,4],[5,7,3,1,2,6,4],[5,7,1,3,2,6,4],[5,6,7,3,2,4,1],[5,6,7,3,2,1,4],[5,6,7,3,1,2,4],[5,6,7,1,3,2,4],[5,6,4,7,3,2,1],[5,6,4,7,3,1,2],[5,6,4,7,1,3,2],[5,6,4,1,7,3,2],[5,6,1,7,3,2,4],[5,6,1,4,7,3,2],[5,3,2,6,4,7,1],[5,3,2,6,4,1,7],[5,3,2,6,1,4,7],[5,3,2,1,6,4,7],[5,3,1,2,6,4,7],[5,2,6,4,7,3,1],[5,2,6,4,7,1,3],[5,2,6,4,1,7,3],[5,2,6,1,4,7,3],[5,2,1,6,4,7,3],[5,1,7,3,2,6,4],[5,1,6,7,3,2,4],[5,1,6,4,7,3,2],[5,1,3,2,6,4,7],[5,1,2,6,4,7,3],[3,5,2,6,4,7,1],[3,5,2,6,4,1,7],[3,5,2,6,1,4,7],[3,5,2,1,6,4,7],[3,5,1,2,6,4,7],[3,2,6,5,4,7,1],[3,2,6,5,4,1,7],[3,2,6,5,1,4,7],[3,2,6,1,5,4,7],[3,2,5,6,4,7,1],[3,2,5,6,4,1,7],[3,2,5,6,1,4,7],[3,2,5,1,6,4,7],[3,2,1,6,5,4,7],[3,2,1,5,6,4,7],[3,1,5,2,6,4,7],[3,1,2,6,5,4,7],[3,1,2,5,6,4,7],[2,6,5,4,7,3,1],[2,6,5,4,7,1,3],[2,6,5,4,1,7,3],[2,6,5,1,4,7,3],[2,6,1,5,4,7,3],[2,5,6,4,7,3,1],[2,5,6,4,7,1,3],[2,5,6,4,1,7,3],[2,5,6,1,4,7,3],[2,5,1,6,4,7,3],[2,1,6,5,4,7,3],[2,1,5,6,4,7,3],[1,6,5,7,3,2,4],[1,6,5,4,7,3,2],[1,5,7,3,2,6,4],[1,5,6,7,3,2,4],[1,5,6,4,7,3,2],[1,5,3,2,6,4,7],[1,5,2,6,4,7,3],[1,3,5,2,6,4,7],[1,3,2,6,5,4,7],[1,3,2,5,6,4,7],[1,2,6,5,4,7,3],[1,2,5,6,4,7,3]],"extra":{"r":0.98809523809523814,"rtransformed":0.008412344524360146},"type":"empirical"}