{"D":[[0,19,0,0,1,2,3],[1,0,0,5,18,7,15],[18,0,0,0,5,0,5],[0,20,0,0,0,12,13],[17,13,14,12,0,13,0],[14,18,0,19,3,0,2],[17,10,12,2,0,9,0]],"k":277,"P":[[5,6,4,7,3,1,2],[5,4,7,6,3,1,2],[5,4,7,3,6,1,2]],"extra":{"r":0.99960742630385491,"rtransformed":0.16836734693877553},"type":"empirical"}