{"D":[[0,0,0,1,1,1,1],[0,0,1,1,1,0,0],[0,1,0,1,0,1,0],[1,0,1,0,0,0,0],[1,0,1,1,0,1,0],[1,0,0,0,1,0,0],[0,0,1,0,1,1,0]],"k":12,"P":[[2,1,7,5,4,3,6],[2,1,7,5,3,6,4],[2,1,7,5,3,4,6],[1,7,2,5,4,3,6],[1,7,2,5,3,6,4],[1,7,2,5,3,4,6],[1,2,7,5,4,3,6],[1,2,7,5,3,6,4],[1,2,7,5,3,4,6]],"extra":{"r":0.99897959183673468,"rtransformed":0.080179661834852159},"type":"empirical"}