{"D":[[0,0,0,0,0,1,1],[1,0,1,0,0,1,1],[1,0,0,0,1,1,1],[1,1,0,0,0,1,0],[0,1,0,0,0,0,0],[1,0,0,1,1,0,0],[0,0,0,1,0,0,0]],"k":11,"P":[[4,2,3,6,5,1,7],[4,2,3,6,1,7,5],[4,2,3,6,1,5,7],[4,2,3,1,7,6,5],[4,2,3,1,6,7,5],[4,2,3,1,6,5,7]],"extra":{"r":0.99937641723356008,"rtransformed":0.21893016127855217},"type":"empirical"}