{"D":[[0,1,1,1,0,1,1],[0,0,0,1,0,1,1],[0,0,0,0,1,0,0],[0,0,0,0,0,1,1],[1,1,1,0,0,1,1],[1,0,0,0,1,0,0],[0,1,0,0,1,1,0]],"k":10,"P":[[5,1,3,2,4,7,6],[5,1,2,4,7,6,3],[5,1,2,4,7,3,6],[5,1,2,4,3,7,6],[5,1,2,3,4,7,6]],"extra":{"r":0.99952758881330306,"rtransformed":0.12725958062183659},"type":"empirical"}