{"D":[[0,7,0,0,4,0,0],[17,0,1,9,11,0,15],[0,10,0,0,0,3,1],[0,4,0,0,8,12,17],[13,2,0,17,0,11,19],[0,0,14,17,19,0,0],[0,3,10,5,2,0,0]],"k":292,"P":[[6,3,2,5,4,7,1],[6,3,2,5,4,1,7],[6,3,2,5,1,4,7],[6,2,5,4,7,3,1],[6,2,5,4,7,1,3],[6,2,5,4,1,7,3],[6,2,5,1,4,7,3],[2,6,5,4,7,3,1],[2,6,5,4,7,1,3],[2,6,5,4,1,7,3],[2,6,5,1,4,7,3]],"extra":{"r":0.99840275291403113,"rtransformed":0.056047694667524572},"type":"empirical"}