{"D":[[0,11,13,3,5,0,3],[18,0,0,13,0,12,18],[5,0,0,0,10,14,6],[18,0,0,0,3,6,10],[18,0,19,11,0,8,16],[0,5,8,18,13,0,0],[13,5,16,5,11,0,0]],"k":265,"P":[2,6,5,4,7,1,3],"extra":{"r":0.99986822214265825,"rtransformed":0.33583959899749372},"type":"empirical"}