{"D":[[0,1,1,0,0,1],[0,0,1,1,0,0],[0,1,0,0,0,0],[1,0,0,0,0,1],[1,0,0,0,0,0],[0,1,1,0,1,0]],"k":9,"P":[[5,5,4,4,4,4,4,4,4,4,4,4],[4,4,6,6,5,5,1,1,1,1,1,1],[1,1,5,5,1,1,6,6,6,6,6,6],[6,6,1,1,6,6,5,5,3,3,2,2],[3,2,3,2,3,2,3,2,5,2,5,3],[2,3,2,3,2,3,2,3,2,5,3,5]],"extra":{"r":0.99,"rtransformed":0.063451369972760824,"pval":[[1,0.016666666666666666,0.71944444444444444,0.46944444444444444,0.016666666666666666,0.055555555555555552,1,1,0.46944444444444444,0.2722222222222222,0.2722222222222222,0.1361111111111111],[0.016666666666666666,1,0.46944444444444444,0.71944444444444444,0.055555555555555552,0.016666666666666666,1,1,0.2722222222222222,0.46944444444444444,0.1361111111111111,0.2722222222222222],[0.71944444444444444,0.46944444444444444,1,0.016666666666666666,1,0.71944444444444444,1,0.71944444444444444,1,1,0.71944444444444444,1],[0.46944444444444444,0.71944444444444444,0.016666666666666666,1,0.71944444444444444,1,0.71944444444444444,1,1,1,1,0.71944444444444444],[0.016666666666666666,0.055555555555555552,1,0.71944444444444444,1,0.016666666666666666,1,0.71944444444444444,0.2722222222222222,0.1361111111111111,0.1361111111111111,0.055555555555555552],[0.055555555555555552,0.016666666666666666,0.71944444444444444,1,0.016666666666666666,1,0.71944444444444444,1,0.1361111111111111,0.2722222222222222,0.055555555555555552,0.1361111111111111],[1,1,1,0.71944444444444444,1,0.71944444444444444,1,0.016666666666666666,0.1361111111111111,0.2722222222222222,0.2722222222222222,0.46944444444444444],[1,1,0.71944444444444444,1,0.71944444444444444,1,0.016666666666666666,1,0.2722222222222222,0.1361111111111111,0.46944444444444444,0.2722222222222222],[0.46944444444444444,0.2722222222222222,1,1,0.2722222222222222,0.1361111111111111,0.1361111111111111,0.2722222222222222,1,0.46944444444444444,0.016666666666666666,0.2722222222222222],[0.2722222222222222,0.46944444444444444,1,1,0.1361111111111111,0.2722222222222222,0.2722222222222222,0.1361111111111111,0.46944444444444444,1,0.2722222222222222,0.016666666666666666],[0.2722222222222222,0.1361111111111111,0.71944444444444444,1,0.1361111111111111,0.055555555555555552,0.2722222222222222,0.46944444444444444,0.016666666666666666,0.2722222222222222,1,0.1361111111111111],[0.1361111111111111,0.2722222222222222,1,0.71944444444444444,0.055555555555555552,0.1361111111111111,0.46944444444444444,0.2722222222222222,0.2722222222222222,0.016666666666666666,0.1361111111111111,1]],"rho":[[1,0.8666666666666667,-0.2,-0.33333333333333331,0.8666666666666667,0.73333333333333328,0.066666666666666666,-0.066666666666666666,-0.33333333333333331,-0.46666666666666667,-0.46666666666666667,-0.6],[0.8666666666666667,1,-0.33333333333333331,-0.2,0.73333333333333328,0.8666666666666667,-0.066666666666666666,0.066666666666666666,-0.46666666666666667,-0.33333333333333331,-0.6,-0.46666666666666667],[-0.2,-0.33333333333333331,1,0.8666666666666667,-0.066666666666666666,-0.2,-0.066666666666666666,-0.2,0.066666666666666666,-0.066666666666666666,0.2,0.066666666666666666],[-0.33333333333333331,-0.2,0.8666666666666667,1,-0.2,-0.066666666666666666,-0.2,-0.066666666666666666,-0.066666666666666666,0.066666666666666666,0.066666666666666666,0.2],[0.8666666666666667,0.73333333333333328,-0.066666666666666666,-0.2,1,0.8666666666666667,-0.066666666666666666,-0.2,-0.46666666666666667,-0.6,-0.6,-0.73333333333333328],[0.73333333333333328,0.8666666666666667,-0.2,-0.066666666666666666,0.8666666666666667,1,-0.2,-0.066666666666666666,-0.6,-0.46666666666666667,-0.73333333333333328,-0.6],[0.066666666666666666,-0.066666666666666666,-0.066666666666666666,-0.2,-0.066666666666666666,-0.2,1,0.8666666666666667,0.6,0.46666666666666667,0.46666666666666667,0.33333333333333331],[-0.066666666666666666,0.066666666666666666,-0.2,-0.066666666666666666,-0.2,-0.066666666666666666,0.8666666666666667,1,0.46666666666666667,0.6,0.33333333333333331,0.46666666666666667],[-0.33333333333333331,-0.46666666666666667,0.066666666666666666,-0.066666666666666666,-0.46666666666666667,-0.6,0.6,0.46666666666666667,1,0.33333333333333331,0.8666666666666667,0.46666666666666667],[-0.46666666666666667,-0.33333333333333331,-0.066666666666666666,0.066666666666666666,-0.6,-0.46666666666666667,0.46666666666666667,0.6,0.33333333333333331,1,0.46666666666666667,0.8666666666666667],[-0.46666666666666667,-0.6,0.2,0.066666666666666666,-0.6,-0.73333333333333328,0.46666666666666667,0.33333333333333331,0.8666666666666667,0.46666666666666667,1,0.6],[-0.6,-0.46666666666666667,0.066666666666666666,0.2,-0.73333333333333328,-0.6,0.33333333333333331,0.46666666666666667,0.46666666666666667,0.8666666666666667,0.6,1]],"pval_flattened":[0.016666666666666666,0.71944444444444444,0.46944444444444444,0.016666666666666666,0.055555555555555552,1,1,0.46944444444444444,0.2722222222222222,0.2722222222222222,0.1361111111111111,0.46944444444444444,0.71944444444444444,0.055555555555555552,0.016666666666666666,1,1,0.2722222222222222,0.46944444444444444,0.1361111111111111,0.2722222222222222,0.016666666666666666,1,0.71944444444444444,1,0.71944444444444444,1,1,0.71944444444444444,1,0.71944444444444444,1,0.71944444444444444,1,1,1,1,0.71944444444444444,0.016666666666666666,1,0.71944444444444444,0.2722222222222222,0.1361111111111111,0.1361111111111111,0.055555555555555552,0.71944444444444444,1,0.1361111111111111,0.2722222222222222,0.055555555555555552,0.1361111111111111,0.016666666666666666,0.1361111111111111,0.2722222222222222,0.2722222222222222,0.46944444444444444,0.2722222222222222,0.1361111111111111,0.46944444444444444,0.2722222222222222,0.46944444444444444,0.016666666666666666,0.2722222222222222,0.2722222222222222,0.016666666666666666,0.1361111111111111]},"type":"empirical"}